"CountyName","AdministeredCount","AdministeredCountChange","AdministeredCountRollAvg","PersonsFullyVaccinated","Report_Date","PctVaccinatedPopulation","Date","PersonsDose1","PercentDose1","Dose1Change","Dose2Change","Text"
"Champaign",9,9,1,0,"12/16/2020 12:00:00 AM",0,2020-12-16,9,4.28606125257759e-05,NA,NA,"9 total doses administered in the past day, up 9 from the day before. 
9 have received at least one dose, up NA from the day before. 0.0% of the population has received at least one dose. 
0 have been fully vaccinated, up NA from the day before. 0.0% of the population has been fully vaccinated."
"Champaign",190,181,27,0,"12/17/2020 12:00:00 AM",0,2020-12-17,190,0.000904835153321936,181,0,"190 total doses administered in the past day, up 181 from the day before. 
190 have received at least one dose, up 181 from the day before. 0.1% of the population has received at least one dose. 
0 have been fully vaccinated, up 0 from the day before. 0.0% of the population has been fully vaccinated."
"Champaign",435,245,62,1,"12/18/2020 12:00:00 AM",4.76229028064177e-06,2020-12-18,434,0.00206683398179853,244,1,"435 total doses administered in the past day, up 245 from the day before. 
434 have received at least one dose, up 244 from the day before. 0.2% of the population has received at least one dose. 
1 have been fully vaccinated, up 1 from the day before. 0.0% of the population has been fully vaccinated."
"Champaign",438,3,63,1,"12/19/2020 12:00:00 AM",4.76229028064177e-06,2020-12-19,437,0.00208112085264045,3,0,"438 total doses administered in the past day, up 3 from the day before. 
437 have received at least one dose, up 3 from the day before. 0.2% of the population has received at least one dose. 
1 have been fully vaccinated, up 0 from the day before. 0.0% of the population has been fully vaccinated."
"Champaign",438,0,63,1,"12/20/2020 12:00:00 AM",4.76229028064177e-06,2020-12-20,437,0.00208112085264045,0,0,"438 total doses administered in the past day, up 0 from the day before. 
437 have received at least one dose, up 0 from the day before. 0.2% of the population has received at least one dose. 
1 have been fully vaccinated, up 0 from the day before. 0.0% of the population has been fully vaccinated."
"Champaign",439,1,63,1,"12/21/2020 12:00:00 AM",4.76229028064177e-06,2020-12-21,438,0.00208588314292109,1,0,"439 total doses administered in the past day, up 1 from the day before. 
438 have received at least one dose, up 1 from the day before. 0.2% of the population has received at least one dose. 
1 have been fully vaccinated, up 0 from the day before. 0.0% of the population has been fully vaccinated."
"Champaign",468,29,67,1,"12/22/2020 12:00:00 AM",4.76229028064177e-06,2020-12-22,467,0.0022239895610597,29,0,"468 total doses administered in the past day, up 29 from the day before. 
467 have received at least one dose, up 29 from the day before. 0.2% of the population has received at least one dose. 
1 have been fully vaccinated, up 0 from the day before. 0.0% of the population has been fully vaccinated."
"Champaign",883,415,125,1,"12/23/2020 12:00:00 AM",4.76229028064177e-06,2020-12-23,882,0.00420034002752604,415,0,"883 total doses administered in the past day, up 415 from the day before. 
882 have received at least one dose, up 415 from the day before. 0.4% of the population has received at least one dose. 
1 have been fully vaccinated, up 0 from the day before. 0.0% of the population has been fully vaccinated."
"Champaign",1104,221,131,1,"12/24/2020 12:00:00 AM",4.76229028064177e-06,2020-12-24,1103,0.00525280617954787,221,0,"1,104 total doses administered in the past day, up 221 from the day before. 
1,103 have received at least one dose, up 221 from the day before. 0.5% of the population has received at least one dose. 
1 have been fully vaccinated, up 0 from the day before. 0.0% of the population has been fully vaccinated."
"Champaign",1292,188,122,1,"12/25/2020 12:00:00 AM",4.76229028064177e-06,2020-12-25,1291,0.00614811675230852,188,0,"1,292 total doses administered in the past day, up 188 from the day before. 
1,291 have received at least one dose, up 188 from the day before. 0.6% of the population has received at least one dose. 
1 have been fully vaccinated, up 0 from the day before. 0.0% of the population has been fully vaccinated."
"Champaign",1460,168,146,1,"12/26/2020 12:00:00 AM",4.76229028064177e-06,2020-12-26,1459,0.00694818151945634,168,0,"1,460 total doses administered in the past day, up 168 from the day before. 
1,459 have received at least one dose, up 168 from the day before. 0.7% of the population has received at least one dose. 
1 have been fully vaccinated, up 0 from the day before. 0.0% of the population has been fully vaccinated."
"Champaign",1460,0,146,1,"12/27/2020 12:00:00 AM",4.76229028064177e-06,2020-12-27,1459,0.00694818151945634,0,0,"1,460 total doses administered in the past day, up 0 from the day before. 
1,459 have received at least one dose, up 0 from the day before. 0.7% of the population has received at least one dose. 
1 have been fully vaccinated, up 0 from the day before. 0.0% of the population has been fully vaccinated."
"Champaign",1655,195,174,1,"12/28/2020 12:00:00 AM",4.76229028064177e-06,2020-12-28,1654,0.00787682812418148,195,0,"1,655 total doses administered in the past day, up 195 from the day before. 
1,654 have received at least one dose, up 195 from the day before. 0.8% of the population has received at least one dose. 
1 have been fully vaccinated, up 0 from the day before. 0.0% of the population has been fully vaccinated."
"Champaign",1812,157,192,1,"12/29/2020 12:00:00 AM",4.76229028064177e-06,2020-12-29,1811,0.00862450769824224,157,0,"1,812 total doses administered in the past day, up 157 from the day before. 
1,811 have received at least one dose, up 157 from the day before. 0.9% of the population has received at least one dose. 
1 have been fully vaccinated, up 0 from the day before. 0.0% of the population has been fully vaccinated."
"Champaign",2425,613,220,1,"12/30/2020 12:00:00 AM",4.76229028064177e-06,2020-12-30,2424,0.0115437916402756,613,0,"2,425 total doses administered in the past day, up 613 from the day before. 
2,424 have received at least one dose, up 613 from the day before. 1.2% of the population has received at least one dose. 
1 have been fully vaccinated, up 0 from the day before. 0.0% of the population has been fully vaccinated."
"Champaign",2813,388,244,1,"12/31/2020 12:00:00 AM",4.76229028064177e-06,2020-12-31,2812,0.0133915602691646,388,0,"2,813 total doses administered in the past day, up 388 from the day before. 
2,812 have received at least one dose, up 388 from the day before. 1.3% of the population has received at least one dose. 
1 have been fully vaccinated, up 0 from the day before. 0.0% of the population has been fully vaccinated."
"Champaign",3051,238,251,1,"1/1/2021 12:00:00 AM",4.76229028064177e-06,2021-01-01,3050,0.0145249853559574,238,0,"3,051 total doses administered in the past day, up 238 from the day before. 
3,050 have received at least one dose, up 238 from the day before. 1.5% of the population has received at least one dose. 
1 have been fully vaccinated, up 0 from the day before. 0.0% of the population has been fully vaccinated."
"Champaign",3441,390,283,1,"1/2/2021 12:00:00 AM",4.76229028064177e-06,2021-01-02,3440,0.0163822785654077,390,0,"3,441 total doses administered in the past day, up 390 from the day before. 
3,440 have received at least one dose, up 390 from the day before. 1.6% of the population has received at least one dose. 
1 have been fully vaccinated, up 0 from the day before. 0.0% of the population has been fully vaccinated."
"Champaign",3788,347,333,1,"1/3/2021 12:00:00 AM",4.76229028064177e-06,2021-01-03,3787,0.0180347932927904,347,0,"3,788 total doses administered in the past day, up 347 from the day before. 
3,787 have received at least one dose, up 347 from the day before. 1.8% of the population has received at least one dose. 
1 have been fully vaccinated, up 0 from the day before. 0.0% of the population has been fully vaccinated."
"Champaign",4266,478,373,1,"1/4/2021 12:00:00 AM",4.76229028064177e-06,2021-01-04,4265,0.0203111680469371,478,0,"4,266 total doses administered in the past day, up 478 from the day before. 
4,265 have received at least one dose, up 478 from the day before. 2.0% of the population has received at least one dose. 
1 have been fully vaccinated, up 0 from the day before. 0.0% of the population has been fully vaccinated."
"Champaign",4782,516,424,1,"1/5/2021 12:00:00 AM",4.76229028064177e-06,2021-01-05,4781,0.0227685098317483,516,0,"4,782 total doses administered in the past day, up 516 from the day before. 
4,781 have received at least one dose, up 516 from the day before. 2.3% of the population has received at least one dose. 
1 have been fully vaccinated, up 0 from the day before. 0.0% of the population has been fully vaccinated."
"Champaign",5115,333,384,9,"1/6/2021 12:00:00 AM",4.28606125257759e-05,2021-01-06,5106,0.0243162541729569,325,8,"5,115 total doses administered in the past day, up 333 from the day before. 
5,106 have received at least one dose, up 325 from the day before. 2.4% of the population has received at least one dose. 
9 have been fully vaccinated, up 8 from the day before. 0.0% of the population has been fully vaccinated."
"Champaign",5418,303,372,199,"1/7/2021 12:00:00 AM",0.000947695765847711,2021-01-07,5219,0.0248543929746694,113,190,"5,418 total doses administered in the past day, up 303 from the day before. 
5,219 have received at least one dose, up 113 from the day before. 2.5% of the population has received at least one dose. 
199 have been fully vaccinated, up 190 from the day before. 0.1% of the population has been fully vaccinated."
"Champaign",5899,481,407,483,"1/8/2021 12:00:00 AM",0.00230018620554997,2021-01-08,5416,0.0257925641599558,197,284,"5,899 total doses administered in the past day, up 481 from the day before. 
5,416 have received at least one dose, up 197 from the day before. 2.6% of the population has received at least one dose. 
483 have been fully vaccinated, up 284 from the day before. 0.2% of the population has been fully vaccinated."
"Champaign",6331,432,413,488,"1/9/2021 12:00:00 AM",0.00232399765695318,2021-01-09,5843,0.0278260621097898,427,5,"6,331 total doses administered in the past day, up 432 from the day before. 
5,843 have received at least one dose, up 427 from the day before. 2.8% of the population has received at least one dose. 
488 have been fully vaccinated, up 5 from the day before. 0.2% of the population has been fully vaccinated."
"Champaign",6611,280,403,488,"1/10/2021 12:00:00 AM",0.00232399765695318,2021-01-10,6123,0.0291595033883695,280,0,"6,611 total doses administered in the past day, up 280 from the day before. 
6,123 have received at least one dose, up 280 from the day before. 2.9% of the population has received at least one dose. 
488 have been fully vaccinated, up 0 from the day before. 0.2% of the population has been fully vaccinated."
"Champaign",6708,97,349,504,"1/11/2021 12:00:00 AM",0.00240019430144345,2021-01-11,6204,0.0295452489011015,81,16,"6,708 total doses administered in the past day, up 97 from the day before. 
6,204 have received at least one dose, up 81 from the day before. 3.0% of the population has received at least one dose. 
504 have been fully vaccinated, up 16 from the day before. 0.2% of the population has been fully vaccinated."
"Champaign",7605,897,403,525,"1/12/2021 12:00:00 AM",0.00250020239733693,2021-01-12,7080,0.0337170151869437,876,21,"7,605 total doses administered in the past day, up 897 from the day before. 
7,080 have received at least one dose, up 876 from the day before. 3.4% of the population has received at least one dose. 
525 have been fully vaccinated, up 21 from the day before. 0.3% of the population has been fully vaccinated."
"Champaign",9075,1470,566,925,"1/13/2021 12:00:00 AM",0.00440511850959363,2021-01-13,8150,0.0388126657872304,1070,400,"9,075 total doses administered in the past day, up 1,470 from the day before. 
8,150 have received at least one dose, up 1,070 from the day before. 3.9% of the population has received at least one dose. 
925 have been fully vaccinated, up 400 from the day before. 0.4% of the population has been fully vaccinated."
"Champaign",10565,1490,735,1393,"1/14/2021 12:00:00 AM",0.00663387036093398,2021-01-14,9172,0.0436797264540463,1022,468,"10,565 total doses administered in the past day, up 1,490 from the day before. 
9,172 have received at least one dose, up 1,022 from the day before. 4.4% of the population has received at least one dose. 
1,393 have been fully vaccinated, up 468 from the day before. 0.7% of the population has been fully vaccinated."
"Champaign",11450,885,793,1827,"1/15/2021 12:00:00 AM",0.00870070434273251,2021-01-15,9623,0.0458275193706157,451,434,"11,450 total doses administered in the past day, up 885 from the day before. 
9,623 have received at least one dose, up 451 from the day before. 4.6% of the population has received at least one dose. 
1,827 have been fully vaccinated, up 434 from the day before. 0.9% of the population has been fully vaccinated."
"Champaign",11766,316,776,2029,"1/16/2021 12:00:00 AM",0.00966268697942214,2021-01-16,9737,0.0463704204626089,114,202,"11,766 total doses administered in the past day, up 316 from the day before. 
9,737 have received at least one dose, up 114 from the day before. 4.6% of the population has received at least one dose. 
2,029 have been fully vaccinated, up 202 from the day before. 1.0% of the population has been fully vaccinated."
"Champaign",11858,92,750,2036,"1/17/2021 12:00:00 AM",0.00969602301138664,2021-01-17,9822,0.0467752151364634,85,7,"11,858 total doses administered in the past day, up 92 from the day before. 
9,822 have received at least one dose, up 85 from the day before. 4.7% of the population has received at least one dose. 
2,036 have been fully vaccinated, up 7 from the day before. 1.0% of the population has been fully vaccinated."
"Champaign",12147,289,777,2044,"1/18/2021 12:00:00 AM",0.00973412133363177,2021-01-18,10103,0.0481134187053238,281,8,"12,147 total doses administered in the past day, up 289 from the day before. 
10,103 have received at least one dose, up 281 from the day before. 4.8% of the population has received at least one dose. 
2,044 have been fully vaccinated, up 8 from the day before. 1.0% of the population has been fully vaccinated."
"Champaign",13585,1438,854,2051,"1/19/2021 12:00:00 AM",0.00976745736559626,2021-01-19,11534,0.0549282560969221,1431,7,"13,585 total doses administered in the past day, up 1,438 from the day before. 
11,534 have received at least one dose, up 1,431 from the day before. 5.5% of the population has received at least one dose. 
2,051 have been fully vaccinated, up 7 from the day before. 1.0% of the population has been fully vaccinated."
"Champaign",15098,1513,860,2207,"1/20/2021 12:00:00 AM",0.0105103746493764,2021-01-20,12891,0.061390684007753,1357,156,"15,098 total doses administered in the past day, up 1,513 from the day before. 
12,891 have received at least one dose, up 1,357 from the day before. 6.1% of the population has received at least one dose. 
2,207 have been fully vaccinated, up 156 from the day before. 1.1% of the population has been fully vaccinated."
"Champaign",16415,1317,836,2246,"1/21/2021 12:00:00 AM",0.0106961039703214,2021-01-21,14169,0.0674768909864132,1278,39,"16,415 total doses administered in the past day, up 1,317 from the day before. 
14,169 have received at least one dose, up 1,278 from the day before. 6.7% of the population has received at least one dose. 
2,246 have been fully vaccinated, up 39 from the day before. 1.1% of the population has been fully vaccinated."
"Champaign",17895,1480,921,2384,"1/22/2021 12:00:00 AM",0.01135330002905,2021-01-22,15511,0.0738678845430344,1342,138,"17,895 total doses administered in the past day, up 1,480 from the day before. 
15,511 have received at least one dose, up 1,342 from the day before. 7.4% of the population has received at least one dose. 
2,384 have been fully vaccinated, up 138 from the day before. 1.1% of the population has been fully vaccinated."
"Champaign",18214,319,921,2388,"1/23/2021 12:00:00 AM",0.0113723491901725,2021-01-23,15826,0.0753680059814366,315,4,"18,214 total doses administered in the past day, up 319 from the day before. 
15,826 have received at least one dose, up 315 from the day before. 7.5% of the population has received at least one dose. 
2,388 have been fully vaccinated, up 4 from the day before. 1.1% of the population has been fully vaccinated."
"Champaign",18229,15,910,2388,"1/24/2021 12:00:00 AM",0.0113723491901725,2021-01-24,15841,0.0754394403356462,15,0,"18,229 total doses administered in the past day, up 15 from the day before. 
15,841 have received at least one dose, up 15 from the day before. 7.5% of the population has received at least one dose. 
2,388 have been fully vaccinated, up 0 from the day before. 1.1% of the population has been fully vaccinated."
"Champaign",18365,136,888,2408,"1/25/2021 12:00:00 AM",0.0114675949957854,2021-01-25,15957,0.0759918660082007,116,20,"18,365 total doses administered in the past day, up 136 from the day before. 
15,957 have received at least one dose, up 116 from the day before. 7.6% of the population has received at least one dose. 
2,408 have been fully vaccinated, up 20 from the day before. 1.1% of the population has been fully vaccinated."
"Champaign",20680,2315,1014,2583,"1/26/2021 12:00:00 AM",0.0123009957948977,2021-01-26,18097,0.086183167208774,2140,175,"20,680 total doses administered in the past day, up 2,315 from the day before. 
18,097 have received at least one dose, up 2,140 from the day before. 8.6% of the population has received at least one dose. 
2,583 have been fully vaccinated, up 175 from the day before. 1.2% of the population has been fully vaccinated."
"Champaign",23172,2492,1153,3076,"1/27/2021 12:00:00 AM",0.0146488049032541,2021-01-27,20096,0.0957029854797769,1999,493,"23,172 total doses administered in the past day, up 2,492 from the day before. 
20,096 have received at least one dose, up 1,999 from the day before. 9.6% of the population has received at least one dose. 
3,076 have been fully vaccinated, up 493 from the day before. 1.5% of the population has been fully vaccinated."
"Champaign",25710,2538,1328,3549,"1/28/2021 12:00:00 AM",0.0169013682059976,2021-01-28,22161,0.105537114909302,2065,473,"25,710 total doses administered in the past day, up 2,538 from the day before. 
22,161 have received at least one dose, up 2,065 from the day before. 10.6% of the population has received at least one dose. 
3,549 have been fully vaccinated, up 473 from the day before. 1.7% of the population has been fully vaccinated."
"Champaign",26943,1233,1293,3977,"1/29/2021 12:00:00 AM",0.0189396284461123,2021-01-29,22966,0.109370758585219,805,428,"26,943 total doses administered in the past day, up 1,233 from the day before. 
22,966 have received at least one dose, up 805 from the day before. 10.9% of the population has received at least one dose. 
3,977 have been fully vaccinated, up 428 from the day before. 1.9% of the population has been fully vaccinated."
"Champaign",27866,923,1379,4448,"1/30/2021 12:00:00 AM",0.0211826671682946,2021-01-30,23418,0.111523313792069,452,471,"27,866 total doses administered in the past day, up 923 from the day before. 
23,418 have received at least one dose, up 452 from the day before. 11.2% of the population has received at least one dose. 
4,448 have been fully vaccinated, up 471 from the day before. 2.1% of the population has been fully vaccinated."
"Champaign",29002,1136,1539,4906,"1/31/2021 12:00:00 AM",0.0233637961168285,2021-01-31,24096,0.114752146602344,678,458,"29,002 total doses administered in the past day, up 1,136 from the day before. 
24,096 have received at least one dose, up 678 from the day before. 11.5% of the population has received at least one dose. 
4,906 have been fully vaccinated, up 458 from the day before. 2.3% of the population has been fully vaccinated."
"Champaign",29867,865,1643,5318,"2/1/2021 12:00:00 AM",0.0253258597124529,2021-02-01,24549,0.116909464099475,453,412,"29,867 total doses administered in the past day, up 865 from the day before. 
24,549 have received at least one dose, up 453 from the day before. 11.7% of the population has received at least one dose. 
5,318 have been fully vaccinated, up 412 from the day before. 2.5% of the population has been fully vaccinated."
"Champaign",32228,2361,1650,5986,"2/2/2021 12:00:00 AM",0.0285070696199216,2021-02-02,26242,0.124972021544601,1693,668,"32,228 total doses administered in the past day, up 2,361 from the day before. 
26,242 have received at least one dose, up 1,693 from the day before. 12.5% of the population has received at least one dose. 
5,986 have been fully vaccinated, up 668 from the day before. 2.9% of the population has been fully vaccinated."
"Champaign",34360,2132,1598,6393,"2/3/2021 12:00:00 AM",0.0304453217641428,2021-02-03,27967,0.133186972278708,1725,407,"34,360 total doses administered in the past day, up 2,132 from the day before. 
27,967 have received at least one dose, up 1,725 from the day before. 13.3% of the population has received at least one dose. 
6,393 have been fully vaccinated, up 407 from the day before. 3.0% of the population has been fully vaccinated."
"Champaign",37021,2661,1616,6972,"2/4/2021 12:00:00 AM",0.0332026878366344,2021-02-04,30049,0.143102060643004,2082,579,"37,021 total doses administered in the past day, up 2,661 from the day before. 
30,049 have received at least one dose, up 2,082 from the day before. 14.3% of the population has received at least one dose. 
6,972 have been fully vaccinated, up 579 from the day before. 3.3% of the population has been fully vaccinated."
"Champaign",39488,2467,1792,7684,"2/5/2021 12:00:00 AM",0.0365934385164513,2021-02-05,31804,0.151459880085531,1755,712,"39,488 total doses administered in the past day, up 2,467 from the day before. 
31,804 have received at least one dose, up 1,755 from the day before. 15.1% of the population has received at least one dose. 
7,684 have been fully vaccinated, up 712 from the day before. 3.7% of the population has been fully vaccinated."
"Champaign",40987,1499,1874,7944,"2/6/2021 12:00:00 AM",0.0378316339894182,2021-02-06,33043,0.157360357743246,1239,260,"40,987 total doses administered in the past day, up 1,499 from the day before. 
33,043 have received at least one dose, up 1,239 from the day before. 15.7% of the population has received at least one dose. 
7,944 have been fully vaccinated, up 260 from the day before. 3.8% of the population has been fully vaccinated."
"Champaign",41638,651,1805,7946,"2/7/2021 12:00:00 AM",0.0378411585699795,2021-02-07,33692,0.160451084135382,649,2,"41,638 total doses administered in the past day, up 651 from the day before. 
33,692 have received at least one dose, up 649 from the day before. 16.0% of the population has received at least one dose. 
7,946 have been fully vaccinated, up 2 from the day before. 3.8% of the population has been fully vaccinated."
"Champaign",43130,1492,1895,8636,"2/8/2021 12:00:00 AM",0.0411271388636223,2021-02-08,34494,0.164270440940457,802,690,"43,130 total doses administered in the past day, up 1,492 from the day before. 
34,494 have received at least one dose, up 802 from the day before. 16.4% of the population has received at least one dose. 
8,636 have been fully vaccinated, up 690 from the day before. 4.1% of the population has been fully vaccinated."
"Champaign",44221,1091,1713,9004,"2/9/2021 12:00:00 AM",0.0428796616868985,2021-02-09,35217,0.167713576813361,723,368,"44,221 total doses administered in the past day, up 1,091 from the day before. 
35,217 have received at least one dose, up 723 from the day before. 16.8% of the population has received at least one dose. 
9,004 have been fully vaccinated, up 368 from the day before. 4.3% of the population has been fully vaccinated."
"Champaign",46384,2163,1718,10187,"2/10/2021 12:00:00 AM",0.0485134510888977,2021-02-10,36197,0.17238062128839,980,1183,"46,384 total doses administered in the past day, up 2,163 from the day before. 
36,197 have received at least one dose, up 980 from the day before. 17.2% of the population has received at least one dose. 
10,187 have been fully vaccinated, up 1,183 from the day before. 4.9% of the population has been fully vaccinated."
"Champaign",48830,2446,1687,10989,"2/11/2021 12:00:00 AM",0.0523328078939724,2021-02-11,37841,0.180209826509765,1644,802,"48,830 total doses administered in the past day, up 2,446 from the day before. 
37,841 have received at least one dose, up 1,644 from the day before. 18.0% of the population has received at least one dose. 
10,989 have been fully vaccinated, up 802 from the day before. 5.2% of the population has been fully vaccinated."
"Champaign",51037,2207,1650,11826,"2/12/2021 12:00:00 AM",0.0563188448588695,2021-02-12,39211,0.186734164194244,1370,837,"51,037 total doses administered in the past day, up 2,207 from the day before. 
39,211 have received at least one dose, up 1,370 from the day before. 18.7% of the population has received at least one dose. 
11,826 have been fully vaccinated, up 837 from the day before. 5.6% of the population has been fully vaccinated."
"Champaign",52295,1258,1615,12056,"2/13/2021 12:00:00 AM",0.0574141716234171,2021-02-13,40239,0.191629798602744,1028,230,"52,295 total doses administered in the past day, up 1,258 from the day before. 
40,239 have received at least one dose, up 1,028 from the day before. 19.2% of the population has received at least one dose. 
12,056 have been fully vaccinated, up 230 from the day before. 5.7% of the population has been fully vaccinated."
"Champaign",53040,745,1629,12086,"2/14/2021 12:00:00 AM",0.0575570403318364,2021-02-14,40954,0.195034836153403,715,30,"53,040 total doses administered in the past day, up 745 from the day before. 
40,954 have received at least one dose, up 715 from the day before. 19.5% of the population has received at least one dose. 
12,086 have been fully vaccinated, up 30 from the day before. 5.8% of the population has been fully vaccinated."
"Champaign",53505,465,1482,12245,"2/15/2021 12:00:00 AM",0.0583142444864584,2021-02-15,41260,0.196492096979279,306,159,"53,505 total doses administered in the past day, up 465 from the day before. 
41,260 have received at least one dose, up 306 from the day before. 19.6% of the population has received at least one dose. 
12,245 have been fully vaccinated, up 159 from the day before. 5.8% of the population has been fully vaccinated."
"Champaign",54609,1104,1484,13079,"2/16/2021 12:00:00 AM",0.0622859945805137,2021-02-16,41530,0.197777915355053,270,834,"54,609 total doses administered in the past day, up 1,104 from the day before. 
41,530 have received at least one dose, up 270 from the day before. 19.8% of the population has received at least one dose. 
13,079 have been fully vaccinated, up 834 from the day before. 6.2% of the population has been fully vaccinated."
"Champaign",57070,2461,1527,14032,"2/17/2021 12:00:00 AM",0.0668244572179653,2021-02-17,43038,0.20495944909826,1508,953,"57,070 total doses administered in the past day, up 2,461 from the day before. 
43,038 have received at least one dose, up 1,508 from the day before. 20.5% of the population has received at least one dose. 
14,032 have been fully vaccinated, up 953 from the day before. 6.7% of the population has been fully vaccinated."
"Champaign",59212,2142,1483,15108,"2/18/2021 12:00:00 AM",0.0719486815599358,2021-02-18,44104,0.210036050537424,1066,1076,"59,212 total doses administered in the past day, up 2,142 from the day before. 
44,104 have received at least one dose, up 1,066 from the day before. 21.0% of the population has received at least one dose. 
15,108 have been fully vaccinated, up 1,076 from the day before. 7.2% of the population has been fully vaccinated."
"Champaign",61330,2118,1470,16009,"2/19/2021 12:00:00 AM",0.076239505102794,2021-02-19,45321,0.215831757808965,1217,901,"61,330 total doses administered in the past day, up 2,118 from the day before. 
45,321 have received at least one dose, up 1,217 from the day before. 21.6% of the population has received at least one dose. 
16,009 have been fully vaccinated, up 901 from the day before. 7.6% of the population has been fully vaccinated."
"Champaign",61341,11,1292,16011,"2/20/2021 12:00:00 AM",0.0762490296833553,2021-02-20,45330,0.215874618421491,9,2,"61,341 total doses administered in the past day, up 11 from the day before. 
45,330 have received at least one dose, up 9 from the day before. 21.6% of the population has received at least one dose. 
16,011 have been fully vaccinated, up 2 from the day before. 7.6% of the population has been fully vaccinated."
"Champaign",62829,1488,1398,16077,"2/21/2021 12:00:00 AM",0.0765633408418777,2021-02-21,46752,0.222646595200564,1422,66,"62,829 total doses administered in the past day, up 1,488 from the day before. 
46,752 have received at least one dose, up 1,422 from the day before. 22.3% of the population has received at least one dose. 
16,077 have been fully vaccinated, up 66 from the day before. 7.7% of the population has been fully vaccinated."
"Champaign",64091,1262,1512,16857,"2/22/2021 12:00:00 AM",0.0802779272607783,2021-02-22,47234,0.224942019115833,482,780,"64,091 total doses administered in the past day, up 1,262 from the day before. 
47,234 have received at least one dose, up 482 from the day before. 22.5% of the population has received at least one dose. 
16,857 have been fully vaccinated, up 780 from the day before. 8.0% of the population has been fully vaccinated."
"Champaign",64833,742,1461,17365,"2/23/2021 12:00:00 AM",0.0826971707233443,2021-02-23,47468,0.226056395041503,234,508,"64,833 total doses administered in the past day, up 742 from the day before. 
47,468 have received at least one dose, up 234 from the day before. 22.6% of the population has received at least one dose. 
17,365 have been fully vaccinated, up 508 from the day before. 8.3% of the population has been fully vaccinated."
"Champaign",68117,3284,1578,20442,"2/24/2021 12:00:00 AM",0.097350737916879,2021-02-24,47675,0.227042189129596,207,3077,"68,117 total doses administered in the past day, up 3,284 from the day before. 
47,675 have received at least one dose, up 207 from the day before. 22.7% of the population has received at least one dose. 
20,442 have been fully vaccinated, up 3,077 from the day before. 9.7% of the population has been fully vaccinated."
"Champaign",71735,3618,1789,23767,"2/25/2021 12:00:00 AM",0.113185353100013,2021-02-25,47968,0.228437540181824,293,3325,"71,735 total doses administered in the past day, up 3,618 from the day before. 
47,968 have received at least one dose, up 293 from the day before. 22.8% of the population has received at least one dose. 
23,767 have been fully vaccinated, up 3,325 from the day before. 11.3% of the population has been fully vaccinated."
"Champaign",74568,2833,1891,26502,"2/26/2021 12:00:00 AM",0.126210217017568,2021-02-26,48066,0.228904244629327,98,2735,"74,568 total doses administered in the past day, up 2,833 from the day before. 
48,066 have received at least one dose, up 98 from the day before. 22.9% of the population has received at least one dose. 
26,502 have been fully vaccinated, up 2,735 from the day before. 12.6% of the population has been fully vaccinated."
"Champaign",76200,1632,2123,28019,"2/27/2021 12:00:00 AM",0.133434611373302,2021-02-27,48181,0.229451908011601,115,1517,"76,200 total doses administered in the past day, up 1,632 from the day before. 
48,181 have received at least one dose, up 115 from the day before. 22.9% of the population has received at least one dose. 
28,019 have been fully vaccinated, up 1,517 from the day before. 13.3% of the population has been fully vaccinated."
"Champaign",77557,1357,2104,29243,"2/28/2021 12:00:00 AM",0.139263654676807,2021-02-28,48314,0.230085292618926,133,1224,"77,557 total doses administered in the past day, up 1,357 from the day before. 
48,314 have received at least one dose, up 133 from the day before. 23.0% of the population has received at least one dose. 
29,243 have been fully vaccinated, up 1,224 from the day before. 13.9% of the population has been fully vaccinated."
"Champaign",79598,2041,2215,30969,"3/1/2021 12:00:00 AM",0.147483367701195,2021-03-01,48629,0.231585414057328,315,1726,"79,598 total doses administered in the past day, up 2,041 from the day before. 
48,629 have received at least one dose, up 315 from the day before. 23.2% of the population has received at least one dose. 
30,969 have been fully vaccinated, up 1,726 from the day before. 14.7% of the population has been fully vaccinated."
"Champaign",81650,2052,2402,32499,"3/2/2021 12:00:00 AM",0.154769671830577,2021-03-02,49151,0.234071329583823,522,1530,"81,650 total doses administered in the past day, up 2,052 from the day before. 
49,151 have received at least one dose, up 522 from the day before. 23.4% of the population has received at least one dose. 
32,499 have been fully vaccinated, up 1,530 from the day before. 15.5% of the population has been fully vaccinated."
"Champaign",83495,1845,2197,33730,"3/3/2021 12:00:00 AM",0.160632051166047,2021-03-03,49765,0.236995375816137,614,1231,"83,495 total doses administered in the past day, up 1,845 from the day before. 
49,765 have received at least one dose, up 614 from the day before. 23.7% of the population has received at least one dose. 
33,730 have been fully vaccinated, up 1,231 from the day before. 16.1% of the population has been fully vaccinated."
"Champaign",85585,2090,1979,35555,"3/4/2021 12:00:00 AM",0.169323230928218,2021-03-04,50030,0.238257382740508,265,1825,"85,585 total doses administered in the past day, up 2,090 from the day before. 
50,030 have received at least one dose, up 265 from the day before. 23.8% of the population has received at least one dose. 
35,555 have been fully vaccinated, up 1,825 from the day before. 16.9% of the population has been fully vaccinated."
"Champaign",86925,1340,1765,36491,"3/5/2021 12:00:00 AM",0.173780734630899,2021-03-05,50434,0.240181348013887,404,936,"86,925 total doses administered in the past day, up 1,340 from the day before. 
50,434 have received at least one dose, up 404 from the day before. 24.0% of the population has received at least one dose. 
36,491 have been fully vaccinated, up 936 from the day before. 17.4% of the population has been fully vaccinated."
"Champaign",88247,1322,1721,37353,"3/6/2021 12:00:00 AM",0.177885828852812,2021-03-06,50894,0.242372001542982,460,862,"88,247 total doses administered in the past day, up 1,322 from the day before. 
50,894 have received at least one dose, up 460 from the day before. 24.2% of the population has received at least one dose. 
37,353 have been fully vaccinated, up 862 from the day before. 17.8% of the population has been fully vaccinated."
"Champaign",88576,329,1574,37615,"3/7/2021 12:00:00 AM",0.17913354890634,2021-03-07,50961,0.242691074991785,67,262,"88,576 total doses administered in the past day, up 329 from the day before. 
50,961 have received at least one dose, up 67 from the day before. 24.3% of the population has received at least one dose. 
37,615 have been fully vaccinated, up 262 from the day before. 17.9% of the population has been fully vaccinated."
"Champaign",89396,820,1400,38236,"3/8/2021 12:00:00 AM",0.182090931170619,2021-03-08,51160,0.243638770757633,199,621,"89,396 total doses administered in the past day, up 820 from the day before. 
51,160 have received at least one dose, up 199 from the day before. 24.4% of the population has received at least one dose. 
38,236 have been fully vaccinated, up 621 from the day before. 18.2% of the population has been fully vaccinated."
"Champaign",90643,1247,1285,38506,"3/9/2021 12:00:00 AM",0.183376749546392,2021-03-09,52137,0.24829152836182,977,270,"90,643 total doses administered in the past day, up 1,247 from the day before. 
52,137 have received at least one dose, up 977 from the day before. 24.8% of the population has received at least one dose. 
38,506 have been fully vaccinated, up 270 from the day before. 18.3% of the population has been fully vaccinated."
"Champaign",92171,1528,1239,39614,"3/10/2021 12:00:00 AM",0.188653367177343,2021-03-10,52557,0.250291690279689,420,1108,"92,171 total doses administered in the past day, up 1,528 from the day before. 
52,557 have received at least one dose, up 420 from the day before. 25.0% of the population has received at least one dose. 
39,614 have been fully vaccinated, up 1,108 from the day before. 18.9% of the population has been fully vaccinated."
"Champaign",92443,272,980,39713,"3/11/2021 12:00:00 AM",0.189124833915126,2021-03-11,52730,0.25111556649824,173,99,"92,443 total doses administered in the past day, up 272 from the day before. 
52,730 have received at least one dose, up 173 from the day before. 25.1% of the population has received at least one dose. 
39,713 have been fully vaccinated, up 99 from the day before. 18.9% of the population has been fully vaccinated."
"Champaign",93464,1021,934,40321,"3/12/2021 12:00:00 AM",0.192020306405757,2021-03-12,53143,0.253082392384145,413,608,"93,464 total doses administered in the past day, up 1,021 from the day before. 
53,143 have received at least one dose, up 413 from the day before. 25.3% of the population has received at least one dose. 
40,321 have been fully vaccinated, up 608 from the day before. 19.2% of the population has been fully vaccinated."
"Champaign",94065,601,831,40722,"3/13/2021 12:00:00 AM",0.193929984808294,2021-03-13,53343,0.254034850440274,200,401,"94,065 total doses administered in the past day, up 601 from the day before. 
53,343 have received at least one dose, up 200 from the day before. 25.4% of the population has received at least one dose. 
40,722 have been fully vaccinated, up 401 from the day before. 19.4% of the population has been fully vaccinated."
"Champaign",95065,1000,927,41621,"3/14/2021 12:00:00 AM",0.198211283770591,2021-03-14,53444,0.254515841758619,101,899,"95,065 total doses administered in the past day, up 1,000 from the day before. 
53,444 have received at least one dose, up 101 from the day before. 25.5% of the population has received at least one dose. 
41,621 have been fully vaccinated, up 899 from the day before. 19.8% of the population has been fully vaccinated."
"Champaign",96689,1624,1042,42392,"3/15/2021 12:00:00 AM",0.201883009576966,2021-03-15,54297,0.258578075368006,853,771,"96,689 total doses administered in the past day, up 1,624 from the day before. 
54,297 have received at least one dose, up 853 from the day before. 25.9% of the population has received at least one dose. 
42,392 have been fully vaccinated, up 771 from the day before. 20.2% of the population has been fully vaccinated."
"Champaign",98252,1563,1087,43629,"3/16/2021 12:00:00 AM",0.20777396265412,2021-03-16,54623,0.260130581999495,326,1237,"98,252 total doses administered in the past day, up 1,563 from the day before. 
54,623 have received at least one dose, up 326 from the day before. 26.0% of the population has received at least one dose. 
43,629 have been fully vaccinated, up 1,237 from the day before. 20.8% of the population has been fully vaccinated."
"Champaign",99675,1423,1072,44358,"3/17/2021 12:00:00 AM",0.211245672268707,2021-03-17,55317,0.263435611454261,694,729,"99,675 total doses administered in the past day, up 1,423 from the day before. 
55,317 have received at least one dose, up 694 from the day before. 26.3% of the population has received at least one dose. 
44,358 have been fully vaccinated, up 729 from the day before. 21.1% of the population has been fully vaccinated."
"Champaign",102116,2441,1382,45152,"3/18/2021 12:00:00 AM",0.215026930751537,2021-03-18,56964,0.271279103546478,1647,794,"102,116 total doses administered in the past day, up 2,441 from the day before. 
56,964 have received at least one dose, up 1,647 from the day before. 27.1% of the population has received at least one dose. 
45,152 have been fully vaccinated, up 794 from the day before. 21.5% of the population has been fully vaccinated."
"Champaign",104573,2457,1587,46005,"3/19/2021 12:00:00 AM",0.219089164360924,2021-03-19,58568,0.278917817156627,1604,853,"104,573 total doses administered in the past day, up 2,457 from the day before. 
58,568 have received at least one dose, up 1,604 from the day before. 27.9% of the population has received at least one dose. 
46,005 have been fully vaccinated, up 853 from the day before. 21.9% of the population has been fully vaccinated."
"Champaign",105344,771,1611,46324,"3/20/2021 12:00:00 AM",0.220608334960449,2021-03-20,59020,0.281070372363477,452,319,"105,344 total doses administered in the past day, up 771 from the day before. 
59,020 have received at least one dose, up 452 from the day before. 28.1% of the population has received at least one dose. 
46,324 have been fully vaccinated, up 319 from the day before. 22.1% of the population has been fully vaccinated."
"Champaign",105655,311,1513,46487,"3/21/2021 12:00:00 AM",0.221384588276194,2021-03-21,59168,0.281775191325012,148,163,"105,655 total doses administered in the past day, up 311 from the day before. 
59,168 have received at least one dose, up 148 from the day before. 28.2% of the population has received at least one dose. 
46,487 have been fully vaccinated, up 163 from the day before. 22.1% of the population has been fully vaccinated."
"Champaign",106993,1338,1472,46899,"3/22/2021 12:00:00 AM",0.223346651871818,2021-03-22,60094,0.286185072124886,926,412,"106,993 total doses administered in the past day, up 1,338 from the day before. 
60,094 have received at least one dose, up 926 from the day before. 28.6% of the population has received at least one dose. 
46,899 have been fully vaccinated, up 412 from the day before. 22.3% of the population has been fully vaccinated."
"Champaign",108251,1258,1428,47573,"3/23/2021 12:00:00 AM",0.226556435520971,2021-03-23,60678,0.288966249648781,584,674,"108,251 total doses administered in the past day, up 1,258 from the day before. 
60,678 have received at least one dose, up 584 from the day before. 28.9% of the population has received at least one dose. 
47,573 have been fully vaccinated, up 674 from the day before. 22.7% of the population has been fully vaccinated."
"Champaign",109850,1599,1454,47791,"3/24/2021 12:00:00 AM",0.227594614802151,2021-03-24,62059,0.295542972526347,1381,218,"109,850 total doses administered in the past day, up 1,599 from the day before. 
62,059 have received at least one dose, up 1,381 from the day before. 29.6% of the population has received at least one dose. 
47,791 have been fully vaccinated, up 218 from the day before. 22.8% of the population has been fully vaccinated."
"Champaign",111828,1978,1387,48013,"3/25/2021 12:00:00 AM",0.228651843244453,2021-03-25,63815,0.303905554259154,1756,222,"111,828 total doses administered in the past day, up 1,978 from the day before. 
63,815 have received at least one dose, up 1,756 from the day before. 30.4% of the population has received at least one dose. 
48,013 have been fully vaccinated, up 222 from the day before. 22.9% of the population has been fully vaccinated."
"Champaign",113240,1412,1238,48344,"3/26/2021 12:00:00 AM",0.230228161327346,2021-03-26,64896,0.309053590052528,1081,331,"113,240 total doses administered in the past day, up 1,412 from the day before. 
64,896 have received at least one dose, up 1,081 from the day before. 30.9% of the population has received at least one dose. 
48,344 have been fully vaccinated, up 331 from the day before. 23.0% of the population has been fully vaccinated."
"Champaign",113735,495,1199,48553,"3/27/2021 12:00:00 AM",0.231223479996,2021-03-27,65182,0.310415605072792,286,209,"113,735 total doses administered in the past day, up 495 from the day before. 
65,182 have received at least one dose, up 286 from the day before. 31.0% of the population has received at least one dose. 
48,553 have been fully vaccinated, up 209 from the day before. 23.1% of the population has been fully vaccinated."
"Champaign",113868,133,1173,48643,"3/28/2021 12:00:00 AM",0.231652086121257,2021-03-28,65225,0.310620383554859,43,90,"113,868 total doses administered in the past day, up 133 from the day before. 
65,225 have received at least one dose, up 43 from the day before. 31.1% of the population has received at least one dose. 
48,643 have been fully vaccinated, up 90 from the day before. 23.2% of the population has been fully vaccinated."
"Champaign",115099,1231,1158,48768,"3/29/2021 12:00:00 AM",0.232247372406338,2021-03-29,66331,0.315887476605249,1106,125,"115,099 total doses administered in the past day, up 1,231 from the day before. 
66,331 have received at least one dose, up 1,106 from the day before. 31.6% of the population has received at least one dose. 
48,768 have been fully vaccinated, up 125 from the day before. 23.2% of the population has been fully vaccinated."
"Champaign",116797,1698,1221,48985,"3/30/2021 12:00:00 AM",0.233280789397237,2021-03-30,67812,0.322940428510879,1481,217,"116,797 total doses administered in the past day, up 1,698 from the day before. 
67,812 have received at least one dose, up 1,481 from the day before. 32.3% of the population has received at least one dose. 
48,985 have been fully vaccinated, up 217 from the day before. 23.3% of the population has been fully vaccinated."
"Champaign",118517,1720,1238,49588,"3/31/2021 12:00:00 AM",0.236152450436464,2021-03-31,68929,0.328259906754356,1117,603,"118,517 total doses administered in the past day, up 1,720 from the day before. 
68,929 have received at least one dose, up 1,117 from the day before. 32.8% of the population has received at least one dose. 
49,588 have been fully vaccinated, up 603 from the day before. 23.6% of the population has been fully vaccinated."
"Champaign",119645,1128,1117,49893,"4/1/2021 12:00:00 AM",0.23760494897206,2021-04-01,69752,0.332179271655324,823,305,"119,645 total doses administered in the past day, up 1,128 from the day before. 
69,752 have received at least one dose, up 823 from the day before. 33.2% of the population has received at least one dose. 
49,893 have been fully vaccinated, up 305 from the day before. 23.8% of the population has been fully vaccinated."
"Champaign",121069,1424,1118,50314,"4/2/2021 12:00:00 AM",0.23960987318021,2021-04-02,70755,0.336955848806808,1003,421,"121,069 total doses administered in the past day, up 1,424 from the day before. 
70,755 have received at least one dose, up 1,003 from the day before. 33.7% of the population has received at least one dose. 
50,314 have been fully vaccinated, up 421 from the day before. 24.0% of the population has been fully vaccinated."
"Champaign",122298,1229,1223,50817,"4/3/2021 12:00:00 AM",0.242005305191373,2021-04-03,71481,0.340413271550554,726,503,"122,298 total doses administered in the past day, up 1,229 from the day before. 
71,481 have received at least one dose, up 726 from the day before. 34.0% of the population has received at least one dose. 
50,817 have been fully vaccinated, up 503 from the day before. 24.2% of the population has been fully vaccinated."
"Champaign",122403,105,1219,50851,"4/4/2021 12:00:00 AM",0.242167223060914,2021-04-04,71552,0.34075139416048,71,34,"122,403 total doses administered in the past day, up 105 from the day before. 
71,552 have received at least one dose, up 71 from the day before. 34.1% of the population has received at least one dose. 
50,851 have been fully vaccinated, up 34 from the day before. 24.2% of the population has been fully vaccinated."
"Champaign",123050,647,1136,51202,"4/5/2021 12:00:00 AM",0.24383878694942,2021-04-05,71848,0.34216103208355,296,351,"123,050 total doses administered in the past day, up 647 from the day before. 
71,848 have received at least one dose, up 296 from the day before. 34.2% of the population has received at least one dose. 
51,202 have been fully vaccinated, up 351 from the day before. 24.4% of the population has been fully vaccinated."
"Champaign",124598,1548,1114,52284,"4/6/2021 12:00:00 AM",0.248991585033074,2021-04-06,72314,0.344380259354329,466,1082,"124,598 total doses administered in the past day, up 1,548 from the day before. 
72,314 have received at least one dose, up 466 from the day before. 34.4% of the population has received at least one dose. 
52,284 have been fully vaccinated, up 1,082 from the day before. 24.9% of the population has been fully vaccinated."
"Champaign",126294,1696,1111,53117,"4/7/2021 12:00:00 AM",0.252958572836849,2021-04-07,73177,0.348490115866523,863,833,"126,294 total doses administered in the past day, up 1,696 from the day before. 
73,177 have received at least one dose, up 863 from the day before. 34.8% of the population has received at least one dose. 
53,117 have been fully vaccinated, up 833 from the day before. 25.3% of the population has been fully vaccinated."
"Champaign",128336,2042,1242,54226,"4/8/2021 12:00:00 AM",0.25823995275808,2021-04-08,74110,0.352933332698361,933,1109,"128,336 total doses administered in the past day, up 2,042 from the day before. 
74,110 have received at least one dose, up 933 from the day before. 35.3% of the population has received at least one dose. 
54,226 have been fully vaccinated, up 1,109 from the day before. 25.8% of the population has been fully vaccinated."
"Champaign",130243,1907,1311,55310,"4/9/2021 12:00:00 AM",0.263402275422296,2021-04-09,74933,0.356852697599329,823,1084,"130,243 total doses administered in the past day, up 1,907 from the day before. 
74,933 have received at least one dose, up 823 from the day before. 35.7% of the population has received at least one dose. 
55,310 have been fully vaccinated, up 1,084 from the day before. 26.3% of the population has been fully vaccinated."
"Champaign",131297,1054,1286,55600,"4/10/2021 12:00:00 AM",0.264783339603682,2021-04-10,75697,0.36049108737374,764,290,"131,297 total doses administered in the past day, up 1,054 from the day before. 
75,697 have received at least one dose, up 764 from the day before. 36.0% of the population has received at least one dose. 
55,600 have been fully vaccinated, up 290 from the day before. 26.5% of the population has been fully vaccinated."
"Champaign",131731,434,1333,55904,"4/11/2021 12:00:00 AM",0.266231075848997,2021-04-11,75827,0.361110185110223,130,304,"131,731 total doses administered in the past day, up 434 from the day before. 
75,827 have received at least one dose, up 130 from the day before. 36.1% of the population has received at least one dose. 
55,904 have been fully vaccinated, up 304 from the day before. 26.6% of the population has been fully vaccinated."
"Champaign",133258,1527,1458,56286,"4/12/2021 12:00:00 AM",0.268050270736202,2021-04-12,76972,0.366563007481558,1145,382,"133,258 total doses administered in the past day, up 1,527 from the day before. 
76,972 have received at least one dose, up 1,145 from the day before. 36.7% of the population has received at least one dose. 
56,286 have been fully vaccinated, up 382 from the day before. 26.8% of the population has been fully vaccinated."
"Champaign",134484,1226,1412,56660,"4/13/2021 12:00:00 AM",0.269831367301162,2021-04-13,77824,0.370620478800665,852,374,"134,484 total doses administered in the past day, up 1,226 from the day before. 
77,824 have received at least one dose, up 852 from the day before. 37.1% of the population has received at least one dose. 
56,660 have been fully vaccinated, up 374 from the day before. 27.0% of the population has been fully vaccinated."
"Champaign",136328,1844,1433,57352,"4/14/2021 12:00:00 AM",0.273126872175367,2021-04-14,78976,0.376106637203964,1152,692,"136,328 total doses administered in the past day, up 1,844 from the day before. 
78,976 have received at least one dose, up 1,152 from the day before. 37.6% of the population has received at least one dose. 
57,352 have been fully vaccinated, up 692 from the day before. 27.3% of the population has been fully vaccinated."
"Champaign",140374,4046,1720,60129,"4/15/2021 12:00:00 AM",0.286351752284709,2021-04-15,80245,0.382149983570099,1269,2777,"140,374 total doses administered in the past day, up 4,046 from the day before. 
80,245 have received at least one dose, up 1,269 from the day before. 38.2% of the population has received at least one dose. 
60,129 have been fully vaccinated, up 2,777 from the day before. 28.6% of the population has been fully vaccinated."
"Champaign",142246,1872,1715,61412,"4/16/2021 12:00:00 AM",0.292461770714772,2021-04-16,80834,0.384954972545397,589,1283,"142,246 total doses administered in the past day, up 1,872 from the day before. 
80,834 have received at least one dose, up 589 from the day before. 38.5% of the population has received at least one dose. 
61,412 have been fully vaccinated, up 1,283 from the day before. 29.2% of the population has been fully vaccinated."
"Champaign",143326,1080,1718,61850,"4/17/2021 12:00:00 AM",0.294547653857693,2021-04-17,81476,0.388012362905569,642,438,"143,326 total doses administered in the past day, up 1,080 from the day before. 
81,476 have received at least one dose, up 642 from the day before. 38.8% of the population has received at least one dose. 
61,850 have been fully vaccinated, up 438 from the day before. 29.5% of the population has been fully vaccinated."
"Champaign",143883,557,1736,61965,"4/18/2021 12:00:00 AM",0.295095317239967,2021-04-18,81918,0.390117295209612,442,115,"143,883 total doses administered in the past day, up 557 from the day before. 
81,918 have received at least one dose, up 442 from the day before. 39.0% of the population has received at least one dose. 
61,965 have been fully vaccinated, up 115 from the day before. 29.5% of the population has been fully vaccinated."
"Champaign",145678,1795,1774,63158,"4/19/2021 12:00:00 AM",0.300776729544773,2021-04-19,82520,0.392984193958559,602,1193,"145,678 total doses administered in the past day, up 1,795 from the day before. 
82,520 have received at least one dose, up 602 from the day before. 39.3% of the population has received at least one dose. 
63,158 have been fully vaccinated, up 1,193 from the day before. 30.1% of the population has been fully vaccinated."
"Champaign",147058,1380,1796,64072,"4/20/2021 12:00:00 AM",0.305129462861279,2021-04-20,82986,0.395203421229338,466,914,"147,058 total doses administered in the past day, up 1,380 from the day before. 
82,986 have received at least one dose, up 466 from the day before. 39.5% of the population has received at least one dose. 
64,072 have been fully vaccinated, up 914 from the day before. 30.5% of the population has been fully vaccinated."
"Champaign",149116,2058,1827,64721,"4/21/2021 12:00:00 AM",0.308220189253416,2021-04-21,84395,0.401913488234762,1409,649,"149,116 total doses administered in the past day, up 2,058 from the day before. 
84,395 have received at least one dose, up 1,409 from the day before. 40.2% of the population has received at least one dose. 
64,721 have been fully vaccinated, up 649 from the day before. 30.8% of the population has been fully vaccinated."
"Champaign",152077,2961,1672,66466,"4/22/2021 12:00:00 AM",0.316530385793136,2021-04-22,85611,0.407704433216022,1216,1745,"152,077 total doses administered in the past day, up 2,961 from the day before. 
85,611 have received at least one dose, up 1,216 from the day before. 40.8% of the population has received at least one dose. 
66,466 have been fully vaccinated, up 1,745 from the day before. 31.7% of the population has been fully vaccinated."
"Champaign",153659,1582,1630,67422,"4/23/2021 12:00:00 AM",0.321083135301429,2021-04-23,86237,0.410685626931704,626,956,"153,659 total doses administered in the past day, up 1,582 from the day before. 
86,237 have received at least one dose, up 626 from the day before. 41.1% of the population has received at least one dose. 
67,422 have been fully vaccinated, up 956 from the day before. 32.1% of the population has been fully vaccinated."
"Champaign",154732,1073,1629,68062,"4/24/2021 12:00:00 AM",0.32413100108104,2021-04-24,86670,0.412747698623222,433,640,"154,732 total doses administered in the past day, up 1,073 from the day before. 
86,670 have received at least one dose, up 433 from the day before. 41.3% of the population has received at least one dose. 
68,062 have been fully vaccinated, up 640 from the day before. 32.4% of the population has been fully vaccinated."
"Champaign",155116,384,1605,68141,"4/25/2021 12:00:00 AM",0.324507222013211,2021-04-25,86975,0.414200197158818,305,79,"155,116 total doses administered in the past day, up 384 from the day before. 
86,975 have received at least one dose, up 305 from the day before. 41.4% of the population has received at least one dose. 
68,141 have been fully vaccinated, up 79 from the day before. 32.5% of the population has been fully vaccinated."
"Champaign",156616,1500,1563,68900,"4/26/2021 12:00:00 AM",0.328121800336218,2021-04-26,87716,0.417729054256773,741,759,"156,616 total doses administered in the past day, up 1,500 from the day before. 
87,716 have received at least one dose, up 741 from the day before. 41.8% of the population has received at least one dose. 
68,900 have been fully vaccinated, up 759 from the day before. 32.8% of the population has been fully vaccinated."
"Champaign",157653,1037,1514,69518,"4/27/2021 12:00:00 AM",0.331064895729654,2021-04-27,88135,0.419724453884362,419,618,"157,653 total doses administered in the past day, up 1,037 from the day before. 
88,135 have received at least one dose, up 419 from the day before. 42.0% of the population has received at least one dose. 
69,518 have been fully vaccinated, up 618 from the day before. 33.1% of the population has been fully vaccinated."
"Champaign",158830,1177,1388,70379,"4/28/2021 12:00:00 AM",0.335165227661287,2021-04-28,88451,0.421229337613045,316,861,"158,830 total doses administered in the past day, up 1,177 from the day before. 
88,451 have received at least one dose, up 316 from the day before. 42.1% of the population has received at least one dose. 
70,379 have been fully vaccinated, up 861 from the day before. 33.5% of the population has been fully vaccinated."
"Champaign",160452,1622,1196,71346,"4/29/2021 12:00:00 AM",0.339770362362667,2021-04-29,89106,0.424348637746865,655,967,"160,452 total doses administered in the past day, up 1,622 from the day before. 
89,106 have received at least one dose, up 655 from the day before. 42.4% of the population has received at least one dose. 
71,346 have been fully vaccinated, up 967 from the day before. 34.0% of the population has been fully vaccinated."
"Champaign",161979,1527,1189,72454,"4/30/2021 12:00:00 AM",0.345046979993619,2021-04-30,89525,0.426344037374454,419,1108,"161,979 total doses administered in the past day, up 1,527 from the day before. 
89,525 have received at least one dose, up 419 from the day before. 42.6% of the population has received at least one dose. 
72,454 have been fully vaccinated, up 1,108 from the day before. 34.5% of the population has been fully vaccinated."
"Champaign",162469,490,1105,72776,"5/1/2021 12:00:00 AM",0.346580437463985,2021-05-01,89693,0.427144102141602,168,322,"162,469 total doses administered in the past day, up 490 from the day before. 
89,693 have received at least one dose, up 168 from the day before. 42.7% of the population has received at least one dose. 
72,776 have been fully vaccinated, up 322 from the day before. 34.7% of the population has been fully vaccinated."
"Champaign",162560,91,1063,72786,"5/2/2021 12:00:00 AM",0.346628060366792,2021-05-02,89774,0.427529847654334,81,10,"162,560 total doses administered in the past day, up 91 from the day before. 
89,774 have received at least one dose, up 81 from the day before. 42.8% of the population has received at least one dose. 
72,786 have been fully vaccinated, up 10 from the day before. 34.7% of the population has been fully vaccinated."
"Champaign",163418,858,972,73507,"5/3/2021 12:00:00 AM",0.350061671659134,2021-05-03,89911,0.428182281422782,137,721,"163,418 total doses administered in the past day, up 858 from the day before. 
89,911 have received at least one dose, up 137 from the day before. 42.8% of the population has received at least one dose. 
73,507 have been fully vaccinated, up 721 from the day before. 35.0% of the population has been fully vaccinated."
"Champaign",164766,1348,1016,74422,"5/4/2021 12:00:00 AM",0.354419167265922,2021-05-04,90344,0.4302443531143,433,915,"164,766 total doses administered in the past day, up 1,348 from the day before. 
90,344 have received at least one dose, up 433 from the day before. 43.0% of the population has received at least one dose. 
74,422 have been fully vaccinated, up 915 from the day before. 35.4% of the population has been fully vaccinated."
"Champaign",165840,1074,1001,75156,"5/5/2021 12:00:00 AM",0.357914688331913,2021-05-05,90684,0.431863531809718,340,734,"165,840 total doses administered in the past day, up 1,074 from the day before. 
90,684 have received at least one dose, up 340 from the day before. 43.2% of the population has received at least one dose. 
75,156 have been fully vaccinated, up 734 from the day before. 35.8% of the population has been fully vaccinated."
"Champaign",166504,664,865,75680,"5/6/2021 12:00:00 AM",0.360410128438969,2021-05-06,90824,0.432530252449008,140,524,"166,504 total doses administered in the past day, up 664 from the day before. 
90,824 have received at least one dose, up 140 from the day before. 43.3% of the population has received at least one dose. 
75,680 have been fully vaccinated, up 524 from the day before. 36.0% of the population has been fully vaccinated."
"Champaign",168145,1641,881,76865,"5/7/2021 12:00:00 AM",0.366053442421529,2021-05-07,91280,0.43470185681698,456,1185,"168,145 total doses administered in the past day, up 1,641 from the day before. 
91,280 have received at least one dose, up 456 from the day before. 43.5% of the population has received at least one dose. 
76,865 have been fully vaccinated, up 1,185 from the day before. 36.6% of the population has been fully vaccinated."
"Champaign",169120,975,950,77557,"5/8/2021 12:00:00 AM",0.369348947295733,2021-05-08,91563,0.436049584966402,283,692,"169,120 total doses administered in the past day, up 975 from the day before. 
91,563 have received at least one dose, up 283 from the day before. 43.6% of the population has received at least one dose. 
77,557 have been fully vaccinated, up 692 from the day before. 36.9% of the population has been fully vaccinated."
"Champaign",170250,1130,1099,78454,"5/9/2021 12:00:00 AM",0.373620721677469,2021-05-09,91796,0.437159198601792,233,897,"170,250 total doses administered in the past day, up 1,130 from the day before. 
91,796 have received at least one dose, up 233 from the day before. 43.7% of the population has received at least one dose. 
78,454 have been fully vaccinated, up 897 from the day before. 37.4% of the population has been fully vaccinated."
"Champaign",170749,499,1047,78848,"5/10/2021 12:00:00 AM",0.375497064048042,2021-05-10,91901,0.437659239081259,105,394,"170,749 total doses administered in the past day, up 499 from the day before. 
91,901 have received at least one dose, up 105 from the day before. 43.8% of the population has received at least one dose. 
78,848 have been fully vaccinated, up 394 from the day before. 37.5% of the population has been fully vaccinated."
"Champaign",171427,678,952,79425,"5/11/2021 12:00:00 AM",0.378244905539972,2021-05-11,92002,0.438140230399604,101,577,"171,427 total doses administered in the past day, up 678 from the day before. 
92,002 have received at least one dose, up 101 from the day before. 43.8% of the population has received at least one dose. 
79,425 have been fully vaccinated, up 577 from the day before. 37.8% of the population has been fully vaccinated."
"Champaign",172431,1004,942,80182,"5/12/2021 12:00:00 AM",0.381849959282418,2021-05-12,92249,0.439316516098922,247,757,"172,431 total doses administered in the past day, up 1,004 from the day before. 
92,249 have received at least one dose, up 247 from the day before. 43.9% of the population has received at least one dose. 
80,182 have been fully vaccinated, up 757 from the day before. 38.2% of the population has been fully vaccinated."
