"Date","Semester_day","Semester","New_Tests","New_Cases","positivity","Week_avg_pos","Total_tests","Total_cases","Sem_totals","Tweet","avgnewcases","avgnewtests"
2020-07-06,NA,NA,99,0,0,NA,99,NA,NA,NA,NA,NA
2020-07-07,NA,NA,236,0,0,NA,335,0,NA,NA,NA,NA
2020-07-08,NA,NA,598,2,0.00334448160535117,NA,933,2,NA,NA,NA,NA
2020-07-09,NA,NA,719,1,0.00139082058414465,NA,1652,3,NA,NA,NA,NA
2020-07-10,NA,NA,730,5,0.00684931506849315,NA,2382,8,NA,NA,NA,NA
2020-07-13,NA,NA,669,2,0.00298953662182362,NA,3051,10,NA,NA,NA,NA
2020-07-14,NA,NA,628,2,0.00318471337579618,0.00326175591193259,3679,12,NA,NA,1.71428571428571,525.571428571429
2020-07-15,NA,NA,538,6,0.0111524163568773,0.00437105390966489,4217,18,NA,NA,2.57142857142857,588.285714285714
2020-07-16,NA,NA,617,7,0.0113452188006483,0.00555679039786619,4834,25,NA,NA,3.57142857142857,642.714285714286
2020-07-17,NA,NA,725,3,0.00413793103448276,0.00562040639861652,5559,28,NA,NA,3.71428571428571,660.857142857143
2020-07-20,NA,NA,840,3,0.00357142857142857,0.0058984621866442,6399,31,NA,NA,4,678.142857142857
2020-07-21,NA,NA,507,3,0.00591715976331361,0.00574712643678161,6906,34,NA,NA,3.71428571428571,646.285714285714
2020-07-22,NA,NA,632,3,0.00474683544303797,0.00601738355248496,7538,37,NA,NA,3.85714285714286,641
2020-07-23,NA,NA,752,6,0.00797872340425532,0.00672305356755584,8290,43,NA,NA,4.42857142857143,658.714285714286
2020-07-24,NA,NA,838,3,0.0035799522673031,0.00570148645896966,9128,46,NA,NA,4,701.571428571429
2020-07-27,NA,NA,835,4,0.00479041916167665,0.00487424449210372,9963,50,NA,NA,3.57142857142857,732.714285714286
2020-07-28,NA,NA,741,2,0.00269905533063428,0.00466472303206997,10704,52,NA,NA,3.42857142857143,735
2020-07-29,NA,NA,745,0,0,0.00415841584158416,11449,52,NA,NA,3,721.428571428571
2020-07-30,NA,NA,736,4,0.00543478260869565,0.00416745595756772,12185,56,NA,NA,3.14285714285714,754.142857142857
2020-07-31,NA,NA,1058,1,0.000945179584120983,0.0035056967572305,13243,57,NA,NA,2.85714285714286,815
2020-08-03,NA,NA,1896,1,0.000527426160337553,0.00219010074463425,15139,58,NA,NA,2.14285714285714,978.428571428571
2020-08-04,NA,NA,1759,3,0.00170551449687322,0.00193050193050193,16898,61,NA,NA,2.14285714285714,1110
2020-08-05,-14,"Fall",1405,5,0.00355871886120996,0.00191846522781775,18303,66,0,NA,2.28571428571429,1191.42857142857
2020-08-06,-13,"Fall",1823,5,0.00274273176083379,0.00201655699426873,20126,71,5,NA,2.71428571428571,1346
2020-08-07,-12,"Fall",2509,6,0.00239139099242726,0.00223493652780261,22635,77,11,NA,3.57142857142857,1598
2020-08-10,-11,"Fall",4110,2,0.00048661800486618,0.00157967032967033,26745,79,13,NA,3.28571428571429,2080
2020-08-11,-10,"Fall",3610,4,0.00110803324099723,0.00151940158952782,30355,83,17,NA,3.71428571428571,2444.57142857143
2020-08-12,-9,"Fall",2438,4,0.00164068908941756,0.00164268720969752,32793,87,21,NA,4.14285714285714,2522
2020-08-15,-8,"Fall",1636,6,0.00366748166259169,0.00182533797273401,34429,93,27,NA,4.57142857142857,2504.42857142857
2020-08-16,-7,"Fall",2453,7,0.00285364859355891,0.00183002314441036,36882,100,34,NA,4.85714285714286,2654.14285714286
2020-08-17,-6,"Fall",9064,24,0.00264783759929391,0.00205267234701782,45946,124,58,NA,7.57142857142857,3688.57142857143
2020-08-18,-5,"Fall",6162,20,0.00324569944823109,0.00227326705798527,52108,144,78,NA,9.57142857142857,4210.42857142857
2020-08-19,-4,"Fall",6300,29,0.0046031746031746,0.00296876480434577,58408,173,107,"Of 6,300 new tests Wednesday at the University of Illinois, 29 came back positive, or 0.5%. The seven-day average positivity is 0.3%.",13.4285714285714,4523.28571428571
2020-08-20,-3,"Fall",10742,52,0.0048408117668963,0.0036602654981312,69150,225,159,"Of 10,742 new tests Thursday at the University of Illinois, 52 came back positive, or 0.5%. The seven-day average positivity is 0.4%.",20.2857142857143,5542.14285714286
2020-08-21,-2,"Fall",10877,54,0.00496460421071987,0.00406486852690858,80027,279,213,"Of 10,877 new tests Friday at the University of Illinois, 54 came back positive, or 0.5%. The seven-day average positivity is 0.4%.",27.4285714285714,6747.71428571429
2020-08-22,-1,"Fall",3326,43,0.0129284425736621,0.00468072929441583,83353,322,256,"Of 3,326 new tests Saturday at the University of Illinois, there were 43 unique new cases.",32.7142857142857,6989.14285714286
2020-08-23,0,"Fall",4474,53,0.0118462226195798,0.00539797821179704,87827,375,309,"Of 4,474 new tests Sunday at the University of Illinois, there were 53 unique new cases.",39.2857142857143,7277.85714285714
2020-08-24,1,"Fall",17656,79,0.00447439963751699,0.00554277172178645,105483,454,388,"Of 17,656 new tests Monday at the University of Illinois, there were 79 unique new cases. Since move-in began Aug. 16, there have been 361 new cases. The seven-day average positivity is 0.6%.",47.1428571428571,8505.28571428571
2020-08-25,2,"Fall",15850,89,0.00561514195583596,0.00576381365113759,121333,543,477,"Of 15,850 new tests Tuesday at the University of Illinois, there were 89 unique new cases. Since move-in began Aug. 16, there have been 450 new cases. Since classes began Aug. 24, there have been 168 new cases. The seven-day average positivity is 0.6%.",57,9889.28571428571
2020-08-26,3,"Fall",6812,54,0.00792718731650029,0.00607998623399343,128145,597,531,"Of 6,812 new tests Wednesday at the University of Illinois, there were 54 unique new cases. Since move-in began Aug. 16, there have been 504 new cases. Since classes began Aug. 24, there have been 222 new cases. The seven-day average positivity is 0.6%.",60.5714285714286,9962.42857142857
2020-08-27,4,"Fall",15123,60,0.00396746677246578,0.00582854367360155,143268,657,591,"Of 15,123 new tests Thursday at the University of Illinois, there were 60 unique new cases. Since move-in began Aug. 16, there have been 564 new cases. Since classes began Aug. 24, there have been 282 new cases. The seven-day average positivity is 0.6%.",61.7142857142857,10588.2857142857
2020-08-28,5,"Fall",15030,65,0.00432468396540253,0.00565982292292164,158298,722,656,"Of 15,030 new tests Friday at the University of Illinois, there were 65 unique new cases. Since move-in began Aug. 16, there have been 629 new cases. Since classes began Aug. 24, there have been 347 new cases. The seven-day average positivity is 0.6%.",63.2857142857143,11181.5714285714
2020-08-29,6,"Fall",2895,50,0.0172711571675302,0.00578108941418294,161193,772,706,"Of 2,895 new tests Saturday at the University of Illinois, there were 50 unique new cases. Since move-in began Aug. 16, there have been 679 new cases. Since classes began Aug. 24, there have been 397 new cases. The seven-day average positivity is 0.6%.",64.2857142857143,11120
2020-08-30,7,"Fall",3640,104,0.0285714285714286,0.00650598654650287,164833,876,810,"Of 3,640 new tests Sunday at the University of Illinois, there were 104 unique new cases. Since move-in began Aug. 16, there have been 783 new cases. Since classes began Aug. 24, there have been 501 new cases. The seven-day average positivity is 0.7%.",71.5714285714286,11000.8571428571
2020-08-31,8,"Fall",17227,230,0.0133511348464619,0.00851430586207347,182060,1106,1040,"Of 17,227 new tests Monday at the University of Illinois, there were 230 unique new cases. Since move-in began Aug. 16, there have been 1,013 new cases. Since classes began Aug. 24, there have been 731 new cases.",93.1428571428571,10939.5714285714
2020-09-01,9,"Fall",14367,199,0.0138511867474073,0.010147282073135,196427,1305,1239,"Of 14,367 new tests Tuesday at the University of Illinois, there were 199 unique new cases. Since move-in began Aug. 16, there have been 1,212 new cases. Since classes began Aug. 24, there have been 930 new cases.",108.857142857143,10727.7142857143
2020-09-02,10,"Fall",7089,120,0.0169276343630978,0.010985657613671,203516,1425,1359,"Of 7,089 new tests Wednesday at the University of Illinois, there were 120 unique new cases. Since move-in began Aug. 16, there have been 1,332 new cases. Since classes began Aug. 24, there have been 1,050 new cases.",118.285714285714,10767.2857142857
2020-09-03,11,"Fall",14841,88,0.00592951957415268,0.011399805564064,218357,1513,1447,"Of 14,841 new tests Thursday at the University of Illinois, there were 88 unique new cases. Since move-in began Aug. 16, there have been 1,420 new cases. Since classes began Aug. 24, there have been 1,138 new cases.",122.285714285714,10727
2020-09-04,12,"Fall",14204,104,0.00732188116023655,0.0120517619810673,232561,1617,1551,"Of 14,204 new tests Friday at the University of Illinois, there were 104 unique new cases. Since move-in began Aug. 16, there have been 1,524 new cases. Since classes began Aug. 24, there have been 1,242 new cases.",127.857142857143,10609
2020-09-05,13,"Fall",2609,37,0.0141816788041395,0.0119226245995377,235170,1654,1588,"Of 2,609 new tests Saturday at the University of Illinois, there were 37 unique new cases. Since move-in began Aug. 16, there have been 1,561 new cases. Since classes began Aug. 24, there have been 1,279 new cases.",126,10568.1428571429
2020-09-06,14,"Fall",2987,37,0.012387010378306,0.0111150510064917,238157,1691,1625,"Of 2,987 new tests Sunday at the University of Illinois, there were 37 unique new cases. Since move-in began Aug. 16, there have been 1,598 new cases. Since classes began Aug. 24, there have been 1,316 new cases.",116.428571428571,10474.8571428571
2020-09-07,15,"Fall",6299,69,0.0109541197015399,0.0104814411180204,244456,1760,1694,"Of 6,299 new tests Monday at the University of Illinois, there were 69 unique new cases. Since move-in began Aug. 16, there have been 1,667 new cases. Since classes began Aug. 24, there have been 1,385 new cases.",93.4285714285714,8913.71428571429
2020-09-08,16,"Fall",11621,81,0.00697014026331641,0.00898575020955574,256077,1841,1775,"Of 11,621 new tests Tuesday at the University of Illinois, there were 81 unique new cases. Since move-in began Aug. 16, there have been 1,748 new cases. Since classes began Aug. 24, there have been 1,466 new cases.",76.5714285714286,8521.42857142857
2020-09-09,17,"Fall",11993,47,0.00391895272242141,0.00717228986584875,268070,1888,1822,"Of 11,993 new tests Wednesday at the University of Illinois, there were 47 unique new cases. Since move-in began Aug. 16, there have been 1,795 new cases. Since classes began Aug. 24, there have been 1,513 new cases.",66.1428571428571,9222
2020-09-10,18,"Fall",6626,34,0.00513130093570782,0.00725962477147269,274696,1922,1856,"Of 6,626 new tests Thursday at the University of Illinois, there were 34 unique new cases. Since move-in began Aug. 16, there have been 1,829 new cases. Since classes began Aug. 24, there have been 1,547 new cases.",58.4285714285714,8048.42857142857
2020-09-11,19,"Fall",11253,35,0.00311028170265707,0.00636847231587623,285949,1957,1891,"Of 11,253 new tests Friday at the University of Illinois, there were 35 unique new cases. Since move-in began Aug. 16, there have been 1,864 new cases. Since classes began Aug. 24, there have been 1,582 new cases.",48.5714285714286,7626.85714285714
2020-09-12,20,"Fall",4009,10,0.00249438762783737,0.0057129298386508,289958,1967,1901,"Of 4,009 new tests Saturday at the University of Illinois, there were 10 unique new cases. Since move-in began Aug. 16, there have been 1,874 new cases. Since classes began Aug. 24, there have been 1,592 new cases.",44.7142857142857,7826.85714285714
2020-09-13,21,"Fall",4568,17,0.0037215411558669,0.00519789245862087,294526,1984,1918,"Of 4,568 new tests Sunday at the University of Illinois, there were 17 unique new cases. Since move-in began Aug. 16, there have been 1,891 new cases. Since classes began Aug. 24, there have been 1,609 new cases.",41.8571428571429,8052.71428571429
2020-09-14,22,"Fall",10214,40,0.00391619345995692,0.00437927144847721,304740,2024,1958,"Of 10,214 new tests Monday at the University of Illinois, there were 40 unique new cases. Since move-in began Aug. 16, there have been 1,931 new cases. Since classes began Aug. 24, there have been 1,649 new cases.",37.7142857142857,8612
2020-09-15,23,"Fall",11232,45,0.00400641025641026,0.00380666165790133,315972,2069,2003,"Of 11,232 new tests Tuesday at the University of Illinois, there were 45 unique new cases. Since move-in began Aug. 16, there have been 1,976 new cases. Since classes began Aug. 24, there have been 1,694 new cases.",32.5714285714286,8556.42857142857
2020-09-16,24,"Fall",9965,24,0.00240842950326141,0.00354260632139216,325937,2093,2027,"Of 9,965 new tests Wednesday at the University of Illinois, there were 24 unique new cases. Since move-in began Aug. 16, there have been 2,000 new cases. Since classes began Aug. 24, there have been 1,718 new cases.",29.2857142857143,8266.71428571429
2020-09-17,25,"Fall",7802,18,0.00230710074339913,0.00320105685686703,333739,2111,2045,"Of 7,802 new tests Thursday at the University of Illinois, there were 18 unique new cases. Since move-in began Aug. 16, there have been 2,018 new cases. Since classes began Aug. 24, there have been 1,736 new cases.",27,8434.71428571429
2020-09-18,26,"Fall",10564,27,0.00255585005679667,0.00310175823422559,344303,2138,2072,"Of 10,564 new tests Friday at the University of Illinois, there were 27 unique new cases. Since move-in began Aug. 16, there have been 2,045 new cases. Since classes began Aug. 24, there have been 1,763 new cases.",25.8571428571429,8336.28571428571
2020-09-19,27,"Fall",4133,13,0.00314541495281878,0.00314648243783987,348436,2151,2085,"Of 4,133 new tests Saturday at the University of Illinois, there were 13 unique new cases. Since move-in began Aug. 16, there have been 2,058 new cases. Since classes began Aug. 24, there have been 1,776 new cases.",26.2857142857143,8354
2020-09-20,28,"Fall",4383,11,0.00250969655487109,0.00305353987614293,352819,2162,2096,"Of 4,383 new tests Sunday at the University of Illinois, there were 11 unique new cases. Since move-in began Aug. 16, there have been 2,069 new cases. Since classes began Aug. 24, there have been 1,787 new cases.",25.4285714285714,8327.57142857143
2020-09-21,29,"Fall",10474,42,0.00400992934886385,0.00307413796048025,363293,2204,2138,"Of 10,474 new tests Monday at the University of Illinois, there were 42 unique new cases. Since move-in began Aug. 16, there have been 2,111 new cases. Since classes began Aug. 24, there have been 1,829 new cases.",25.7142857142857,8364.71428571429
2020-09-22,30,"Fall",11030,62,0.00562103354487761,0.00337612037497215,374323,2266,2200,"Of 11,030 new tests Tuesday at the University of Illinois, there were 62 unique new cases. Since move-in began Aug. 16, there have been 2,173 new cases. Since classes began Aug. 24, there have been 1,891 new cases.",28.1428571428571,8335.85714285714
2020-09-23,31,"Fall",9671,29,0.00299865577499742,0.00347933927002773,383994,2295,2229,"Of 9,671 new tests Wednesday at the University of Illinois, there were 29 unique new cases. Since move-in began Aug. 16, there have been 2,202 new cases. Since classes began Aug. 24, there have been 1,920 new cases.",28.8571428571429,8293.85714285714
2020-09-24,32,"Fall",9086,27,0.00297160466651992,0.00355572032827219,393080,2322,2256,"Of 9,086 new tests Thursday at the University of Illinois, there were 27 unique new cases. Since move-in began Aug. 16, there have been 2,229 new cases. Since classes began Aug. 24, there have been 1,947 new cases.",30.1428571428571,8477.28571428571
2020-09-25,33,"Fall",11090,41,0.00369702434625789,0.0037583309669768,404170,2363,2297,"Of 11,090 new tests Friday at the University of Illinois, there were 41 unique new cases. Since move-in began Aug. 16, there have been 2,270 new cases. Since classes began Aug. 24, there have been 1,988 new cases.",32.1428571428571,8552.42857142857
2020-09-26,34,"Fall",3892,17,0.00436793422404933,0.00384060644685204,408062,2380,2314,"Of 3,892 new tests Saturday at the University of Illinois, there were 17 unique new cases. Since move-in began Aug. 16, there have been 2,287 new cases. Since classes began Aug. 24, there have been 2,005 new cases.",32.7142857142857,8518
2020-09-27,35,"Fall",4408,28,0.00635208711433757,0.00412398786273491,412470,2408,2342,"Of 4,408 new tests Sunday at the University of Illinois, there were 28 unique new cases. Since move-in began Aug. 16, there have been 2,315 new cases. Since classes began Aug. 24, there have been 2,033 new cases.",35.1428571428571,8521.57142857143
2020-09-28,36,"Fall",10736,36,0.0033532041728763,0.00400580842221221,423206,2444,2378,"Of 10,736 new tests Monday at the University of Illinois, there were 36 unique new cases. Since move-in began Aug. 16, there have been 2,351 new cases. Since classes began Aug. 24, there have been 2,069 new cases.",34.2857142857143,8559
2020-09-29,37,"Fall",10637,36,0.0033844128983736,0.00359543010752688,433843,2480,2414,"Of 10,637 new tests Tuesday at the University of Illinois, there were 36 unique new cases. Since move-in began Aug. 16, there have been 2,387 new cases. Since classes began Aug. 24, there have been 2,105 new cases.",30.5714285714286,8502.85714285714
2020-09-30,38,"Fall",10354,32,0.00309059300753332,0.00360447153796322,444197,2512,2446,"Of 10,354 new tests Wednesday at the University of Illinois, there were 32 unique new cases. Since move-in began Aug. 16, there have been 2,419 new cases. Since classes began Aug. 24, there have been 2,137 new cases.",31,8600.42857142857
2020-10-01,39,"Fall",7577,27,0.00356341559984163,0.00369714110471258,451774,2539,2473,"Of 7,577 new tests Thursday at the University of Illinois, there were 27 unique new cases. Since move-in began Aug. 16, there have been 2,446 new cases. Since classes began Aug. 24, there have been 2,164 new cases.",31,8384.85714285714
2020-10-02,40,"Fall",10765,18,0.00167208546214584,0.00332368209152118,462539,2557,2491,"Of 10,765 new tests Friday at the University of Illinois, there were 18 unique new cases. Since move-in began Aug. 16, there have been 2,464 new cases. Since classes began Aug. 24, there have been 2,182 new cases.",27.7142857142857,8338.42857142857
2020-10-03,41,"Fall",3851,9,0.00233705531030901,0.00318886298175833,466390,2566,2500,"Of 3,851 new tests Saturday at the University of Illinois, there were 9 unique new cases. Since move-in began Aug. 16, there have been 2,473 new cases. Since classes began Aug. 24, there have been 2,191 new cases.",26.5714285714286,8332.57142857143
2020-10-04,42,"Fall",4374,7,0.00160036579789666,0.00283047998078704,470764,2573,2507,"Of 4,374 new tests Sunday at the University of Illinois, there were 7 unique new cases. Since move-in began Aug. 16, there have been 2,480 new cases. Since classes began Aug. 24, there have been 2,198 new cases.",23.5714285714286,8327.71428571429
2020-10-05,43,"Fall",11142,48,0.00430802369413032,0.00301533219761499,481906,2621,2555,"Of 11,142 new tests Monday at the University of Illinois, there were 48 unique new cases. Since move-in began Aug. 16, there have been 2,528 new cases. Since classes began Aug. 24, there have been 2,246 new cases.",25.2857142857143,8385.71428571429
2020-10-06,44,"Fall",10369,25,0.00241103288648857,0.00284090909090909,492275,2646,2580,"Of 10,369 new tests Tuesday at the University of Illinois, there were 25 unique new cases. Since move-in began Aug. 16, there have been 2,553 new cases. Since classes began Aug. 24, there have been 2,271 new cases.",23.7142857142857,8347.42857142857
2020-10-07,45,"Fall",9780,21,0.00214723926380368,0.0026789726571952,502055,2667,2601,"Of 9,780 new tests Wednesday at the University of Illinois, there were 21 unique new cases. Since move-in began Aug. 16, there have been 2,574 new cases. Since classes began Aug. 24, there have been 2,292 new cases.",22.1428571428571,8265.42857142857
2020-10-08,46,"Fall",7953,14,0.00176034200930466,0.00243843802589553,510008,2681,2615,"Of 7,953 new tests Thursday at the University of Illinois, there were 14 unique new cases. Since move-in began Aug. 16, there have been 2,588 new cases. Since classes began Aug. 24, there have been 2,306 new cases.",20.2857142857143,8319.14285714286
2020-10-09,47,"Fall",9867,10,0.00101347927434884,0.00233710059997209,519875,2691,2625,"Of 9,867 new tests Friday at the University of Illinois, there were 10 unique new cases. Since move-in began Aug. 16, there have been 2,598 new cases. Since classes began Aug. 24, there have been 2,316 new cases.",19.1428571428571,8190.85714285714
2020-10-10,48,"Fall",3574,11,0.00307778399552322,0.00238349778299655,523449,2702,2636,"Of 3,574 new tests Saturday at the University of Illinois, there were 11 unique new cases. Since move-in began Aug. 16, there have been 2,609 new cases. Since classes began Aug. 24, there have been 2,327 new cases.",19.4285714285714,8151.28571428571
2020-10-11,49,"Fall",4358,8,0.0018357044515833,0.00240169696544712,527807,2710,2644,"Of 4,358 new tests Sunday at the University of Illinois, there were 8 unique new cases. Since move-in began Aug. 16, there have been 2,617 new cases. Since classes began Aug. 24, there have been 2,335 new cases.",19.5714285714286,8149
2020-10-12,50,"Fall",9573,23,0.00240259061945054,0.00201896383891553,537380,2733,2667,"Of 9,573 new tests Monday at the University of Illinois, there were 23 unique new cases. Since move-in began Aug. 16, there have been 2,640 new cases. Since classes began Aug. 24, there have been 2,358 new cases.",16,7924.85714285714
2020-10-13,51,"Fall",10057,14,0.00139206522819926,0.00183097059569994,547437,2747,2681,"Of 10,057 new tests Tuesday at the University of Illinois, there were 14 unique new cases. Since move-in began Aug. 16, there have been 2,654 new cases. Since classes began Aug. 24, there have been 2,372 new cases.",14.4285714285714,7880.28571428571
2020-10-14,52,"Fall",9322,11,0.00118000429092469,0.00166349809885932,556759,2758,2692,"Of 9,322 new tests Wednesday at the University of Illinois, there were 11 unique new cases. Since move-in began Aug. 16, there have been 2,665 new cases. Since classes began Aug. 24, there have been 2,383 new cases.",13,7814.85714285714
2020-10-15,53,"Fall",7777,9,0.00115725858300116,0.00157717136150235,564536,2767,2701,"Of 7,777 new tests Thursday at the University of Illinois, there were 9 unique new cases. Since move-in began Aug. 16, there have been 2,674 new cases. Since classes began Aug. 24, there have been 2,392 new cases.",12.2857142857143,7789.71428571429
2020-10-16,54,"Fall",9700,9,0.000927835051546392,0.00156362097827487,574236,2776,2710,"Of 9,700 new tests Friday at the University of Illinois, there were 9 unique new cases. Since move-in began Aug. 16, there have been 2,683 new cases. Since classes began Aug. 24, there have been 2,401 new cases.",12.1428571428571,7765.85714285714
2020-10-17,55,"Fall",3666,2,0.000545553737043099,0.00139569904321158,577902,2778,2712,"Of 3,666 new tests Saturday at the University of Illinois, there were 2 unique new cases. Since move-in began Aug. 16, there have been 2,685 new cases. Since classes began Aug. 24, there have been 2,403 new cases.",10.8571428571429,7779
2020-10-18,56,"Fall",4320,6,0.00138888888888889,0.00135991913994303,582222,2784,2718,"Of 4,320 new tests Sunday at the University of Illinois, there were 6 unique new cases. Since move-in began Aug. 16, there have been 2,691 new cases. Since classes began Aug. 24, there have been 2,409 new cases.",10.5714285714286,7773.57142857143
2020-10-19,57,"Fall",10611,18,0.00169635284139101,0.0012442969722107,592833,2802,2736,"Of 10,611 new tests Monday at the University of Illinois, there were 18 unique new cases. Since move-in began Aug. 16, there have been 2,709 new cases. Since classes began Aug. 24, there have been 2,427 new cases.",9.85714285714286,7921.85714285714
2020-10-20,58,"Fall",9964,18,0.00180650341228422,0.00131864161849711,602797,2820,2754,"Of 9,964 new tests Tuesday at the University of Illinois, there were 18 unique new cases. Since move-in began Aug. 16, there have been 2,727 new cases. Since classes began Aug. 24, there have been 2,445 new cases.",10.4285714285714,7908.57142857143
2020-10-21,59,"Fall",9639,20,0.00207490403568835,0.00147278050182301,612436,2840,2774,"Of 9,639 new tests Wednesday at the University of Illinois, there were 20 unique new cases. Since move-in began Aug. 16, there have been 2,747 new cases. Since classes began Aug. 24, there have been 2,465 new cases.",11.7142857142857,7953.85714285714
2020-10-22,60,"Fall",8581,23,0.00268034028667987,0.00169968662027939,621017,2863,2797,"Of 8,581 new tests Thursday at the University of Illinois, there were 23 unique new cases. Since move-in began Aug. 16, there have been 2,770 new cases. Since classes began Aug. 24, there have been 2,488 new cases.",13.7142857142857,8068.71428571429
2020-10-23,61,"Fall",9284,22,0.0023696682464455,0.00194417194328012,630301,2885,2819,"Of 9,284 new tests Friday at the University of Illinois, there were 22 unique new cases. Since move-in began Aug. 16, there have been 2,792 new cases. Since classes began Aug. 24, there have been 2,510 new cases.",15.5714285714286,8009.28571428571
2020-10-24,62,"Fall",3870,15,0.00387596899224806,0.00216815653379303,634171,2900,2834,"Of 3,870 new tests Saturday at the University of Illinois, there were 15 unique new cases. Since move-in began Aug. 16, there have been 2,807 new cases. Since classes began Aug. 24, there have been 2,525 new cases.",17.4285714285714,8038.42857142857
2020-10-25,63,"Fall",4935,23,0.00466058763931104,0.00244356936924267,639106,2923,2857,"Of 4,935 new tests Sunday at the University of Illinois, there were 23 unique new cases. Since move-in began Aug. 16, there have been 2,830 new cases. Since classes began Aug. 24, there have been 2,548 new cases.",19.8571428571429,8126.28571428571
2020-10-26,64,"Fall",11112,74,0.00665946724262059,0.00339810054892393,650218,2997,2931,"Of 11,112 new tests Monday at the University of Illinois, there were 74 unique new cases. Since move-in began Aug. 16, there have been 2,904 new cases. Since classes began Aug. 24, there have been 2,622 new cases.",27.8571428571429,8197.85714285714
2020-10-27,65,"Fall",10294,36,0.00349718282494657,0.00369054838430217,660512,3033,2967,"Of 10,294 new tests Tuesday at the University of Illinois, there were 36 unique new cases. Since move-in began Aug. 16, there have been 2,940 new cases. Since classes began Aug. 24, there have been 2,658 new cases.",30.4285714285714,8245
2020-10-28,66,"Fall",9579,34,0.00354943104708216,0.00393721273089931,670091,3067,3001,"Of 9,579 new tests Wednesday at the University of Illinois, there were 34 unique new cases. Since move-in began Aug. 16, there have been 2,974 new cases. Since classes began Aug. 24, there have been 2,692 new cases.",32.4285714285714,8236.42857142857
2020-10-29,67,"Fall",8980,27,0.00300668151447661,0.00397905398422159,679071,3094,3028,"Of 8,980 new tests Thursday at the University of Illinois, there were 27 unique new cases. Since move-in began Aug. 16, there have been 3,001 new cases. Since classes began Aug. 24, there have been 2,719 new cases.",33,8293.42857142857
2020-10-30,68,"Fall",10787,39,0.00361546305738389,0.00416407811004584,689858,3133,3067,"Of 10,787 new tests Friday at the University of Illinois, there were 39 unique new cases. Since move-in began Aug. 16, there have been 3,040 new cases. Since classes began Aug. 24, there have been 2,758 new cases.",35.4285714285714,8508.14285714286
2020-10-31,69,"Fall",3522,9,0.00255536626916525,0.00408721647046902,693380,3142,3076,"Of 3,522 new tests Saturday at the University of Illinois, there were 9 unique new cases. Since move-in began Aug. 16, there have been 3,049 new cases. Since classes began Aug. 24, there have been 2,767 new cases.",34.5714285714286,8458.42857142857
2020-11-01,70,"Fall",4823,17,0.00352477710968277,0.00399343452290302,698203,3159,3093,"Of 4,823 new tests Sunday at the University of Illinois, there were 17 unique new cases. Since move-in began Aug. 16, there have been 3,066 new cases. Since classes began Aug. 24, there have been 2,784 new cases.",33.7142857142857,8442.42857142857
2020-11-02,71,"Fall",11945,82,0.00686479698618669,0.00407141665276156,710148,3241,3175,"Of 11,945 new tests Monday at the University of Illinois, there were 82 unique new cases. Since move-in began Aug. 16, there have been 3,148 new cases. Since classes began Aug. 24, there have been 2,866 new cases.",34.8571428571429,8561.42857142857
2020-11-03,72,"Fall",5941,40,0.006732873253661,0.00446227756086151,716089,3281,3215,"Of 5,941 new tests Tuesday at the University of Illinois, there were 40 unique new cases. Since move-in began Aug. 16, there have been 3,188 new cases. Since classes began Aug. 24, there have been 2,906 new cases.",35.4285714285714,7939.57142857143
2020-11-04,73,"Fall",11537,80,0.00693421166681113,0.00510993308420961,727626,3361,3295,"Of 11,537 new tests Wednesday at the University of Illinois, there were 80 unique new cases. Since move-in began Aug. 16, there have been 3,268 new cases. Since classes began Aug. 24, there have been 2,986 new cases.",42,8219.28571428571
2020-11-05,74,"Fall",8895,60,0.00674536256323777,0.00569190600522193,736521,3421,3355,"Of 8,895 new tests Thursday at the University of Illinois, there were 60 unique new cases. Since move-in began Aug. 16, there have been 3,328 new cases. Since classes began Aug. 24, there have been 3,046 new cases.",46.7142857142857,8207.14285714286
2020-11-06,75,"Fall",10429,48,0.00460255058011315,0.00588523786169691,746950,3469,3403,"Of 10,429 new tests Friday at the University of Illinois, there were 48 unique new cases. Since move-in began Aug. 16, there have been 3,376 new cases. Since classes began Aug. 24, there have been 3,094 new cases.",48,8156
2020-11-07,76,"Fall",4016,21,0.00522908366533865,0.00604313548431911,750966,3490,3424,"Of 4,016 new tests Saturday at the University of Illinois, there were 21 unique new cases. Since move-in began Aug. 16, there have been 3,397 new cases. Since classes began Aug. 24, there have been 3,115 new cases.",49.7142857142857,8226.57142857143
2020-11-08,77,"Fall",5339,29,0.00543172878816258,0.00619600013768889,756305,3519,3453,"Of 5,339 new tests Sunday at the University of Illinois, there were 29 unique new cases. Since move-in began Aug. 16, there have been 3,426 new cases. Since classes began Aug. 24, there have been 3,144 new cases.",51.4285714285714,8300.28571428571
2020-11-09,78,"Fall",11800,76,0.00644067796610169,0.00610797660334386,768105,3595,3529,"Of 11,800 new tests Monday at the University of Illinois, there were 76 unique new cases. Since move-in began Aug. 16, there have been 3,502 new cases. Since classes began Aug. 24, there have been 3,220 new cases.",50.5714285714286,8279.57142857143
2020-11-10,79,"Fall",10324,57,0.0055211158465711,0.00595123516201476,778429,3652,3586,"Of 10,324 new tests Tuesday at the University of Illinois, there were 57 unique new cases. Since move-in began Aug. 16, there have been 3,559 new cases. Since classes began Aug. 24, there have been 3,277 new cases.",53,8905.71428571429
2020-11-11,80,"Fall",11071,50,0.00451630385692349,0.00551120018101303,789500,3702,3636,"Of 11,071 new tests Wednesday at the University of Illinois, there were 50 unique new cases. Since move-in began Aug. 16, there have been 3,609 new cases. Since classes began Aug. 24, there have been 3,327 new cases.",48.7142857142857,8839.14285714286
2020-11-12,81,"Fall",9715,34,0.00349974266598044,0.00502440424921045,799215,3736,3670,"Of 9,715 new tests Thursday at the University of Illinois, there were 34 unique new cases. Since move-in began Aug. 16, there have been 3,643 new cases. Since classes began Aug. 24, there have been 3,361 new cases.",45,8956.28571428571
2020-11-13,82,"Fall",11351,32,0.00281913487798432,0.0047000754527163,810566,3768,3702,"Of 11,351 new tests Friday at the University of Illinois, there were 32 unique new cases. Since move-in began Aug. 16, there have been 3,675 new cases. Since classes began Aug. 24, there have been 3,393 new cases.",42.7142857142857,9088
2020-11-14,83,"Fall",4639,12,0.00258676438887691,0.00451439156898457,815205,3780,3714,"Of 4,639 new tests Saturday at the University of Illinois, there were 12 unique new cases. Since move-in began Aug. 16, there have been 3,687 new cases. Since classes began Aug. 24, there have been 3,405 new cases.",41.4285714285714,9177
2020-11-15,84,"Fall",6280,21,0.00334394904458599,0.00432648051549555,821485,3801,3735,"Of 6,280 new tests Sunday at the University of Illinois, there were 21 unique new cases. Since move-in began Aug. 16, there have been 3,708 new cases. Since classes began Aug. 24, there have been 3,426 new cases.",40.2857142857143,9311.42857142857
2020-11-16,85,"Fall",13545,51,0.00376522702104097,0.00384011953679492,835030,3852,3786,"Of 13,545 new tests Monday at the University of Illinois, there were 51 unique new cases. Since move-in began Aug. 16, there have been 3,759 new cases. Since classes began Aug. 24, there have been 3,477 new cases.",36.7142857142857,9560.71428571429
2020-11-17,86,"Fall",10255,40,0.00390053632374451,0.00358980495393084,845285,3892,3826,"Of 10,255 new tests Tuesday at the University of Illinois, there were 40 unique new cases. Since move-in began Aug. 16, there have been 3,799 new cases. Since classes began Aug. 24, there have been 3,517 new cases.",34.2857142857143,9550.85714285714
2020-11-18,87,"Fall",10462,34,0.00324985662397247,0.00338128519027277,855747,3926,3860,"Of 10,462 new tests Wednesday at the University of Illinois, there were 34 unique new cases. Since move-in began Aug. 16, there have been 3,833 new cases. Since classes began Aug. 24, there have been 3,551 new cases.",32,9463.85714285714
2020-11-19,88,"Fall",10424,26,0.00249424405218726,0.00322599916362985,866171,3952,3886,"Of 10,424 new tests Thursday at the University of Illinois, there were 26 unique new cases. Since move-in began Aug. 16, there have been 3,859 new cases. Since classes began Aug. 24, there have been 3,577 new cases.",30.8571428571429,9565.14285714286
2020-11-20,89,"Fall",11278,34,0.00301471892179464,0.00325942317180748,877449,3986,3920,"Of 11,278 new tests Friday at the University of Illinois, there were 34 unique new cases. Since move-in began Aug. 16, there have been 3,893 new cases. Since classes began Aug. 24, there have been 3,611 new cases.",31.1428571428571,9554.71428571429
2020-11-21,90,"Fall",3601,12,0.00333240766453763,0.00331080568000607,881050,3998,3932,"Of 3,601 new tests Saturday at the University of Illinois, there were 12 unique new cases. Since move-in began Aug. 16, there have been 3,905 new cases. Since classes began Aug. 24, there have been 3,623 new cases.",31.1428571428571,9406.42857142857
2020-11-22,91,"Fall",3291,19,0.00577332117897296,0.00343642611683849,884341,4017,3951,"Of 3,291 new tests Sunday at the University of Illinois, there were 19 unique new cases. Since move-in began Aug. 16, there have been 3,924 new cases. Since classes began Aug. 24, there have been 3,642 new cases.",30.8571428571429,8979.42857142857
2020-11-23,92,"Fall",5607,26,0.0046370608168361,0.00347791252412688,889948,4043,3977,"Of 5,607 new tests Monday at the University of Illinois, there were 26 unique new cases. Since move-in began Aug. 16, there have been 3,950 new cases. Since classes began Aug. 24, there have been 3,668 new cases.",27.2857142857143,7845.42857142857
2020-11-24,93,"Fall",4536,13,0.00286596119929453,0.00333340108538791,894484,4056,3990,"Of 4,536 new tests Tuesday at the University of Illinois, there were 13 unique new cases. Since move-in began Aug. 16, there have been 3,963 new cases. Since classes began Aug. 24, there have been 3,681 new cases.",23.4285714285714,7028.42857142857
2020-11-25,94,"Fall",5836,14,0.0023989033584647,0.00323065532945954,900320,4070,4004,"Of 5,836 new tests Wednesday at the University of Illinois, there were 14 unique new cases. Since move-in began Aug. 16, there have been 3,977 new cases. Since classes began Aug. 24, there have been 3,695 new cases.",20.5714285714286,6367.57142857143
2020-11-28,97,"Fall",3717,33,0.00887812752219532,0.004567799190847,904037,4103,4037,"Of 3,717 new tests Saturday at the University of Illinois, there were 33 unique new cases. Since move-in began Aug. 16, there have been 4,010 new cases. Since classes began Aug. 24, there have been 3,728 new cases.",21.5714285714286,5409.42857142857
2020-11-29,98,"Fall",4121,21,0.00509585052171803,0.00449258932695134,908158,4124,4058,"Of 4,121 new tests Sunday at the University of Illinois, there were 21 unique new cases. Since move-in began Aug. 16, there have been 4,031 new cases. Since classes began Aug. 24, there have been 3,749 new cases.",19.7142857142857,4387
2020-11-30,99,"Fall",9341,71,0.00760089926132106,0.00551704112373417,917499,4195,4129,"Of 9,341 new tests Monday at the University of Illinois, there were 71 unique new cases. Since move-in began Aug. 16, there have been 4,102 new cases. Since classes began Aug. 24, there have been 3,820 new cases.",28.1428571428571,5207
2020-12-01,100,"Fall",5795,26,0.00448662640207075,0.00572717806317251,923294,4221,4155,"Of 5,795 new tests Tuesday at the University of Illinois, there were 26 unique new cases. Since move-in began Aug. 16, there have been 4,128 new cases. Since classes began Aug. 24, there have been 3,846 new cases.",29.1428571428571,5564.71428571429
2020-12-02,101,"Fall",7542,32,0.00424290639087775,0.0059968541093197,930836,4253,4187,"Of 7,542 new tests Wednesday at the University of Illinois, there were 32 unique new cases. Since move-in began Aug. 16, there have been 4,160 new cases. Since classes began Aug. 24, there have been 3,878 new cases.",30,5841.14285714286
2020-12-03,102,"Fall",6683,23,0.00344156815801287,0.00553778327374392,937519,4276,4210,"Of 6,683 new tests Thursday at the University of Illinois, there were 23 unique new cases. Since move-in began Aug. 16, there have been 4,183 new cases. Since classes began Aug. 24, there have been 3,901 new cases.",31.4285714285714,6147.85714285714
2020-12-04,103,"Fall",7032,25,0.0035551763367463,0.00522258144740114,944551,4301,4235,"Of 7,032 new tests Friday at the University of Illinois, there were 25 unique new cases. Since move-in began Aug. 16, there have been 4,208 new cases. Since classes began Aug. 24, there have been 3,926 new cases.",33,6318.71428571429
2020-12-05,104,"Fall",3304,20,0.00605326876513317,0.00497512437810945,947855,4321,4255,"Of 3,304 new tests Saturday at the University of Illinois, there were 20 unique new cases. Since move-in began Aug. 16, there have been 4,228 new cases. Since classes began Aug. 24, there have been 3,946 new cases.",31.1428571428571,6259.71428571429
2020-12-06,105,"Fall",4134,25,0.00604741170778907,0.00506490839816568,951989,4346,4280,"Of 4,134 new tests Sunday at the University of Illinois, there were 25 unique new cases. Since move-in began Aug. 16, there have been 4,253 new cases. Since classes began Aug. 24, there have been 3,971 new cases.",31.7142857142857,6261.57142857143
2020-12-07,106,"Fall",8618,34,0.00394523091204456,0.00429154681265658,960607,4380,4314,"Of 8,618 new tests Monday at the University of Illinois, there were 34 unique new cases. Since move-in began Aug. 16, there have been 4,287 new cases. Since classes began Aug. 24, there have been 4,005 new cases.",26.4285714285714,6158.28571428571
2020-12-08,107,"Fall",5847,27,0.00461775269368907,0.00430954587581094,966454,4407,4341,"Of 5,847 new tests Tuesday at the University of Illinois, there were 27 unique new cases. Since move-in began Aug. 16, there have been 4,314 new cases. Since classes began Aug. 24, there have been 4,032 new cases.",26.5714285714286,6165.71428571429
2020-12-09,108,"Fall",7148,22,0.00307778399552322,0.00411541879062807,973602,4429,4363,"Of 7,148 new tests Wednesday at the University of Illinois, there were 22 unique new cases. Since move-in began Aug. 16, there have been 4,336 new cases. Since classes began Aug. 24, there have been 4,054 new cases.",25.1428571428571,6109.42857142857
2020-12-10,109,"Fall",6274,12,0.00191265540325151,0.0038954600184149,979876,4441,4375,"Of 6,274 new tests Thursday at the University of Illinois, there were 12 unique new cases. Since move-in began Aug. 16, there have been 4,348 new cases. Since classes began Aug. 24, there have been 4,066 new cases.",23.5714285714286,6051
2020-12-11,110,"Fall",6366,10,0.00157084511467169,0.00359789882708498,986242,4451,4385,"Of 6,366 new tests Friday at the University of Illinois, there were 10 unique new cases. Since move-in began Aug. 16, there have been 4,358 new cases. Since classes began Aug. 24, there have been 4,076 new cases.",21.4285714285714,5955.85714285714
2020-12-12,111,"Fall",2919,5,0.00171291538198013,0.00326829032101874,989161,4456,4390,"Of 2,919 new tests Saturday at the University of Illinois, there were 5 unique new cases. Since move-in began Aug. 16, there have been 4,363 new cases. Since classes began Aug. 24, there have been 4,081 new cases.",19.2857142857143,5900.85714285714
2020-12-13,112,"Fall",3690,11,0.0029810298102981,0.00296118643238216,992851,4467,4401,"Of 3,690 new tests Sunday at the University of Illinois, there were 11 unique new cases. Since move-in began Aug. 16, there have been 4,374 new cases. Since classes began Aug. 24, there have been 4,092 new cases.",17.2857142857143,5837.42857142857
2020-12-14,113,"Fall",7660,12,0.00156657963446475,0.00248095429029671,1000511,4479,4413,"Of 7,660 new tests Monday at the University of Illinois, there were 12 unique new cases. Since move-in began Aug. 16, there have been 4,386 new cases. Since classes began Aug. 24, there have been 4,104 new cases.",14.1428571428571,5700.57142857143
2020-12-15,114,"Fall",5220,13,0.0024904214559387,0.00216411640400234,1005731,4492,4426,"Of 5,220 new tests Tuesday at the University of Illinois, there were 13 unique new cases. Since move-in began Aug. 16, there have been 4,399 new cases. Since classes began Aug. 24, there have been 4,117 new cases.",12.1428571428571,5611
2020-12-16,115,"Fall",5692,14,0.00245959241040056,0.00203590597816028,1011423,4506,4440,"Of 5,692 new tests Wednesday at the University of Illinois, there were 14 unique new cases. Since move-in began Aug. 16, there have been 4,413 new cases. Since classes began Aug. 24, there have been 4,131 new cases.",11,5403
2020-12-17,116,"Fall",5778,11,0.00190377293181032,0.00203616878767582,1017201,4517,4451,"Of 5,778 new tests Thursday at the University of Illinois, there were 11 unique new cases. Since move-in began Aug. 16, there have been 4,424 new cases. Since classes began Aug. 24, there have been 4,142 new cases.",10.8571428571429,5332.14285714286
2020-12-18,117,"Fall",5789,6,0.00103644843669027,0.00195929030151301,1022990,4523,4457,"Of 5,789 new tests Friday at the University of Illinois, there were 6 unique new cases. Since move-in began Aug. 16, there have been 4,430 new cases. Since classes began Aug. 24, there have been 4,148 new cases.",10.2857142857143,5249.71428571429
2020-12-19,NA,NA,2464,8,0.00324675324675325,0.00206651420384096,1025454,4531,4465,"Of 2,464 new tests Saturday at the University of Illinois, there were 8 unique new cases. Since move-in began Aug. 16, there have been 4,438 new cases. Since classes began Aug. 24, there have been 4,156 new cases.",10.7142857142857,5184.71428571429
2020-12-20,NA,NA,2125,4,0.00188235294117647,0.00195807417645704,1027579,4535,4469,"Of 2,125 new tests Sunday at the University of Illinois, there were 4 unique new cases. Since move-in began Aug. 16, there have been 4,442 new cases. Since classes began Aug. 24, there have been 4,160 new cases.",9.71428571428571,4961.14285714286
2020-12-21,NA,NA,4807,14,0.00291241938839193,0.00219607843137255,1032386,4549,4483,"Of 4,807 new tests Monday at the University of Illinois, there were 14 unique new cases. Since move-in began Aug. 16, there have been 4,456 new cases. Since classes began Aug. 24, there have been 4,174 new cases.",10,4553.57142857143
2020-12-22,NA,NA,3415,9,0.00263543191800878,0.00219487861656136,1035801,4558,4492,"Of 3,415 new tests Tuesday at the University of Illinois, there were 9 unique new cases. Since move-in began Aug. 16, there have been 4,465 new cases. Since classes began Aug. 24, there have been 4,183 new cases.",9.42857142857143,4295.71428571429
2020-12-23,NA,NA,4872,8,0.00164203612479475,0.00205128205128205,1040673,4566,4500,"Of 4,872 new tests Wednesday at the University of Illinois, there were 8 unique new cases. Since move-in began Aug. 16, there have been 4,473 new cases. Since classes began Aug. 24, there have been 4,191 new cases.",8.57142857142857,4178.57142857143
2020-12-26,NA,NA,1536,15,0.009765625,0.00298418382572366,1042209,4581,4515,"Of 1,536 new tests Saturday at the University of Illinois, there were 15 unique new cases. Since move-in began Aug. 16, there have been 4,488 new cases. Since classes began Aug. 24, there have been 4,206 new cases.",9.14285714285714,3572.57142857143
2020-12-27,NA,NA,1697,10,0.00589275191514437,0.00342990139033503,1043906,4591,4525,"Of 1,697 new tests Sunday at the University of Illinois, there were 10 unique new cases. Since move-in began Aug. 16, there have been 4,498 new cases. Since classes began Aug. 24, there have been 4,216 new cases.",9.71428571428571,2988
2020-12-28,NA,NA,2295,20,0.00871459694989107,0.00448787549764748,1046201,4611,4545,"Of 2,295 new tests Monday at the University of Illinois, there were 20 unique new cases. Since move-in began Aug. 16, there have been 4,518 new cases. Since classes began Aug. 24, there have been 4,236 new cases.",11.4285714285714,2963.85714285714
2020-12-29,NA,NA,2107,17,0.00806834361651637,0.0055968657551771,1048308,4628,4562,"Of 2,107 new tests Tuesday at the University of Illinois, there were 17 unique new cases. Since move-in began Aug. 16, there have been 4,535 new cases. Since classes began Aug. 24, there have been 4,253 new cases.",13.2857142857143,2961.28571428571
2020-12-30,NA,NA,3260,15,0.00460122699386503,0.00706746213859569,1051568,4643,4577,"Of 3,260 new tests Wednesday at the University of Illinois, there were 15 unique new cases. Since move-in began Aug. 16, there have been 4,550 new cases. Since classes began Aug. 24, there have been 4,268 new cases.",13.4285714285714,2740.28571428571
2021-01-02,NA,NA,3424,23,0.00671728971962617,0.0066494563091606,1054992,4666,4600,"Of 3,424 new tests Saturday at the University of Illinois, there were 23 unique new cases. Since move-in began Aug. 16, there have been 4,573 new cases. Since classes began Aug. 24, there have been 4,291 new cases.",15.4285714285714,2741.57142857143
2021-01-03,NA,NA,2636,18,0.00682852807283763,0.00677743769129864,1057628,4684,4618,"Of 2,636 new tests Sunday at the University of Illinois, there were 18 unique new cases. Since move-in began Aug. 16, there have been 4,591 new cases. Since classes began Aug. 24, there have been 4,309 new cases.",16.8571428571429,2422.14285714286
2021-01-04,NA,NA,5364,33,0.00615212527964206,0.00631290572330415,1062992,4717,4651,"Of 5,364 new tests Monday at the University of Illinois, there were 33 unique new cases. Since move-in began Aug. 16, there have been 4,624 new cases. Since classes began Aug. 24, there have been 4,342 new cases.",19.4285714285714,2969
2021-01-05,NA,NA,3146,26,0.00826446280991736,0.00644980370162647,1066138,4743,4677,"Of 3,146 new tests Tuesday at the University of Illinois, there were 26 unique new cases. Since move-in began Aug. 16, there have been 4,650 new cases. Since classes began Aug. 24, there have been 4,368 new cases.",21.7142857142857,3176
2021-01-06,NA,NA,3923,12,0.00305888350751976,0.00605634564429784,1070061,4755,4689,"Of 3,923 new tests Wednesday at the University of Illinois, there were 12 unique new cases. Since move-in began Aug. 16, there have been 4,662 new cases. Since classes began Aug. 24, there have been 4,380 new cases.",20.5714285714286,3408.57142857143
2021-01-07,NA,NA,3894,15,0.00385208012326656,0.00567293518559879,1073955,4770,4704,"Of 3,894 new tests Thursday at the University of Illinois, there were 15 unique new cases. Since move-in began Aug. 16, there have been 4,677 new cases. Since classes began Aug. 24, there have been 4,395 new cases.",20.2857142857143,3663.85714285714
2021-01-08,NA,NA,3683,15,0.00407276676622319,0.00544687380130418,1077638,4785,4719,"Of 3,683 new tests Friday at the University of Illinois, there were 15 unique new cases. Since move-in began Aug. 16, there have been 4,692 new cases. Since classes began Aug. 24, there have been 4,410 new cases.",20.2857142857143,3724.28571428571
2021-01-09,NA,NA,1927,4,0.00207576543850545,0.00500549383469662,1079565,4789,4723,"Of 1,927 new tests Saturday at the University of Illinois, there were 4 unique new cases. Since move-in began Aug. 16, there have been 4,696 new cases. Since classes began Aug. 24, there have been 4,414 new cases.",17.5714285714286,3510.42857142857
2021-01-10,-14,"Spring",2410,8,0.0033195020746888,0.00464122889883764,1081975,4797,0,"Of 2,410 new tests Sunday at the University of Illinois, there were 8 unique new cases. Since move-in began Aug. 16, there have been 4,704 new cases. Since classes began Aug. 24, there have been 4,422 new cases.",16.1428571428571,3478.14285714286
2021-01-11,-13,"Spring",5716,13,0.00227431770468859,0.00376533462893235,1087691,4810,13,"Of 5,716 new tests Monday at the University of Illinois, there were 13 unique new cases. Since move-in began Aug. 16, there have been 4,717 new cases. Since classes began Aug. 24, there have been 4,435 new cases.",13.2857142857143,3528.42857142857
2021-01-12,-12,"Spring",3722,17,0.0045674368619022,0.00332344213649852,1091413,4827,30,"Of 3,722 new tests Tuesday at the University of Illinois, there were 17 unique new cases. Since move-in began Aug. 16, there have been 4,734 new cases. Since classes began Aug. 24, there have been 4,452 new cases.",12,3610.71428571429
2021-01-13,-11,"Spring",4125,18,0.00436363636363636,0.00353259802959532,1095538,4845,48,"Of 4,125 new tests Wednesday at the University of Illinois, there were 18 unique new cases. Since move-in began Aug. 16, there have been 4,752 new cases. Since classes began Aug. 24, there have been 4,470 new cases.",12.8571428571429,3639.57142857143
2021-01-14,-10,"Spring",4353,6,0.00137835975189524,0.00312307217766811,1099891,4851,54,"Of 4,353 new tests Thursday at the University of Illinois, there were 6 unique new cases. Since move-in began Aug. 16, there have been 4,758 new cases. Since classes began Aug. 24, there have been 4,476 new cases.",11.5714285714286,3705.14285714286
2021-01-15,-9,"Spring",5833,16,0.0027430138865078,0.00291960407320373,1105724,4867,70,"Of 5,833 new tests Friday at the University of Illinois, there were 16 unique new cases. Since move-in began Aug. 16, there have been 4,774 new cases. Since classes began Aug. 24, there have been 4,492 new cases.",11.7142857142857,4012.28571428571
2021-01-16,-8,"Spring",2743,11,0.004010207801677,0.00307937166978064,1108467,4878,81,"Of 2,743 new tests Saturday at the University of Illinois, there were 11 unique new cases. Since move-in began Aug. 16, there have been 4,785 new cases. Since classes began Aug. 24, there have been 4,503 new cases.",12.7142857142857,4128.85714285714
2021-01-17,-7,"Spring",4738,18,0.00379907133811735,0.0031700288184438,1113205,4896,99,"Of 4,738 new tests Sunday at the University of Illinois, there were 18 unique new cases. Since move-in began Aug. 16, there have been 4,803 new cases. Since classes began Aug. 24, there have been 4,521 new cases.",14.1428571428571,4461.42857142857
2021-01-18,-6,"Spring",8511,36,0.00422982023264011,0.00358559882439383,1121716,4932,135,"Of 8,511 new tests Monday at the University of Illinois, there were 36 unique new cases. Since move-in began Aug. 16, there have been 4,839 new cases. Since classes began Aug. 24, there have been 4,557 new cases.",17.4285714285714,4860.71428571429
2021-01-19,-5,"Spring",9190,36,0.00391730141458107,0.00357025295622009,1130906,4968,171,"Of 9,190 new tests Tuesday at the University of Illinois, there were 36 unique new cases. Since move-in began Aug. 16, there have been 4,875 new cases. Since classes began Aug. 24, there have been 4,593 new cases.",20.1428571428571,5641.85714285714
2021-01-20,-4,"Spring",7414,27,0.00364175883463717,0.00350614744518723,1138320,4995,198,"Of 7,414 new tests Wednesday at the University of Illinois, there were 27 unique new cases. Since move-in began Aug. 16, there have been 4,902 new cases. Since classes began Aug. 24, there have been 4,620 new cases.",21.4285714285714,6111.71428571429
2021-01-21,-3,"Spring",8885,26,0.00292628024760833,0.00359301686604388,1147205,5021,224,"Of 8,885 new tests Thursday at the University of Illinois, there were 26 unique new cases. Since move-in began Aug. 16, there have been 4,928 new cases. Since classes began Aug. 24, there have been 4,646 new cases.",24.2857142857143,6759.14285714286
2021-01-22,-2,"Spring",10570,25,0.00236518448438978,0.0034389348907802,1157775,5046,249,"Of 10,570 new tests Friday at the University of Illinois, there were 25 unique new cases. Since move-in began Aug. 16, there have been 4,953 new cases. Since classes began Aug. 24, there have been 4,671 new cases.",25.5714285714286,7435.85714285714
2021-01-23,-1,"Spring",7172,21,0.00292805354155047,0.00334631728045326,1164947,5067,270,"Of 7,172 new tests Saturday at the University of Illinois, there were 21 unique new cases. Since move-in began Aug. 16, there have been 4,974 new cases. Since classes began Aug. 24, there have been 4,692 new cases.",27,8068.57142857143
2021-01-24,0,"Spring",9468,17,0.00179552175749894,0.00307139356314328,1174415,5084,287,"Of 9,468 new tests Sunday at the University of Illinois, there were 17 unique new cases. Since move-in began Aug. 16, there have been 4,991 new cases. Since classes began Aug. 24, there have been 4,709 new cases.",26.8571428571429,8744.28571428571
2021-01-25,1,"Spring",11662,26,0.00222946321385697,0.00276565000543808,1186077,5110,313,"Of 11,662 new tests Monday at the University of Illinois, there were 26 unique new cases. Since move-in began Aug. 16, there have been 5,017 new cases. Since classes began Aug. 24, there have been 4,735 new cases.",25.4285714285714,9194.42857142857
2021-01-26,2,"Spring",9914,20,0.00201734920314706,0.00248905277713759,1195991,5130,333,"Of 9,914 new tests Tuesday at the University of Illinois, there were 20 unique new cases. Since move-in began Aug. 16, there have been 5,037 new cases. Since classes began Aug. 24, there have been 4,755 new cases.",23.1428571428571,9297.85714285714
2021-01-27,3,"Spring",9555,19,0.00198848770277342,0.00229078035283968,1205546,5149,352,"Of 9,555 new tests Wednesday at the University of Illinois, there were 19 unique new cases. Since move-in began Aug. 16, there have been 5,056 new cases. Since classes began Aug. 24, there have been 4,774 new cases.",22,9603.71428571429
2021-01-28,4,"Spring",10364,20,0.00192975685063682,0.002154137253475,1215910,5169,372,"Of 10,364 new tests Thursday at the University of Illinois, there were 20 unique new cases. Since move-in began Aug. 16, there have been 5,076 new cases. Since classes began Aug. 24, there have been 4,794 new cases.",21.1428571428571,9815
2021-01-29,5,"Spring",10491,16,0.00152511676675245,0.00202547139568094,1226401,5185,388,"Of 10,491 new tests Friday at the University of Illinois, there were 16 unique new cases. Since move-in began Aug. 16, there have been 5,092 new cases. Since classes began Aug. 24, there have been 4,810 new cases.",19.8571428571429,9803.71428571429
2021-01-30,6,"Spring",4742,8,0.00168705187684521,0.00190343827421596,1231143,5193,396,"Of 4,742 new tests Saturday at the University of Illinois, there were 8 unique new cases. Since move-in began Aug. 16, there have been 5,100 new cases. Since classes began Aug. 24, there have been 4,818 new cases.",18,9456.57142857143
2021-01-31,7,"Spring",6480,19,0.0029320987654321,0.00202506011897228,1237623,5212,415,"Of 6,480 new tests Sunday at the University of Illinois, there were 19 unique new cases. Since move-in began Aug. 16, there have been 5,119 new cases. Since classes began Aug. 24, there have been 4,837 new cases.",18.2857142857143,9029.71428571429
2021-02-01,8,"Spring",14164,66,0.00465970064953403,0.00255668847968346,1251787,5278,481,"Of 14,164 new tests Monday at the University of Illinois, there were 66 unique new cases. Since move-in began Aug. 16, there have been 5,185 new cases. Since classes began Aug. 24, there have been 4,903 new cases.",24,9387.14285714286
2021-02-02,9,"Spring",10242,41,0.00400312438976762,0.00286198855204579,1262029,5319,522,"Of 10,242 new tests Tuesday at the University of Illinois, there were 41 unique new cases. Since move-in began Aug. 16, there have been 5,226 new cases. Since classes began Aug. 24, there have been 4,944 new cases.",27,9434
2021-02-03,10,"Spring",9518,30,0.00315192267283043,0.0030302571173164,1271547,5349,552,"Of 9,518 new tests Wednesday at the University of Illinois, there were 30 unique new cases. Since move-in began Aug. 16, there have been 5,256 new cases. Since classes began Aug. 24, there have been 4,974 new cases.",28.5714285714286,9428.71428571429
2021-02-04,11,"Spring",9432,36,0.00381679389312977,0.00331955308979698,1280979,5385,588,"Of 9,432 new tests Thursday at the University of Illinois, there were 36 unique new cases. Since move-in began Aug. 16, there have been 5,292 new cases. Since classes began Aug. 24, there have been 5,010 new cases.",30.8571428571429,9295.57142857143
2021-02-05,12,"Spring",11083,56,0.00505278354236218,0.00389881360320434,1292062,5441,644,"Of 11,083 new tests Friday at the University of Illinois, there were 56 unique new cases. Since move-in began Aug. 16, there have been 5,348 new cases. Since classes began Aug. 24, there have been 5,066 new cases.",36.5714285714286,9380.14285714286
2021-02-06,13,"Spring",4842,23,0.00475010326311442,0.0041209835616855,1296904,5464,667,"Of 4,842 new tests Saturday at the University of Illinois, there were 23 unique new cases. Since move-in began Aug. 16, there have been 5,371 new cases. Since classes began Aug. 24, there have been 5,089 new cases.",38.7142857142857,9394.42857142857
2021-02-07,14,"Spring",6363,42,0.0066006600660066,0.00447870330875632,1303267,5506,709,"Of 6,363 new tests Sunday at the University of Illinois, there were 42 unique new cases. Since move-in began Aug. 16, there have been 5,413 new cases. Since classes began Aug. 24, there have been 5,131 new cases.",42,9377.71428571429
2021-02-08,15,"Spring",13457,78,0.00579623987515791,0.00471225957466468,1316724,5584,787,"Of 13,457 new tests Monday at the University of Illinois, there were 78 unique new cases. Since move-in began Aug. 16, there have been 5,491 new cases. Since classes began Aug. 24, there have been 5,209 new cases.",43.7142857142857,9276.71428571429
2021-02-09,16,"Spring",10549,71,0.00673049578159067,0.00514989884127276,1327273,5655,858,"Of 10,549 new tests Tuesday at the University of Illinois, there were 71 unique new cases. Since move-in began Aug. 16, there have been 5,562 new cases. Since classes began Aug. 24, there have been 5,280 new cases.",48,9320.57142857143
2021-02-10,17,"Spring",9232,44,0.00476603119584055,0.00538809692416638,1336505,5699,902,"Of 9,232 new tests Wednesday at the University of Illinois, there were 44 unique new cases. Since move-in began Aug. 16, there have been 5,606 new cases. Since classes began Aug. 24, there have been 5,324 new cases.",50,9279.71428571429
2021-02-11,18,"Spring",10183,38,0.00373170971226554,0.00535695262445023,1346688,5737,940,"Of 10,183 new tests Thursday at the University of Illinois, there were 38 unique new cases. Since move-in began Aug. 16, there have been 5,644 new cases. Since classes began Aug. 24, there have been 5,362 new cases.",50.2857142857143,9387
2021-02-12,19,"Spring",10558,29,0.00274673233566963,0.00498588610702013,1357246,5766,969,"Of 10,558 new tests Friday at the University of Illinois, there were 29 unique new cases. Since move-in began Aug. 16, there have been 5,673 new cases. Since classes began Aug. 24, there have been 5,391 new cases.",46.4285714285714,9312
2021-02-13,20,"Spring",4638,24,0.00517464424320828,0.00501692828562635,1361884,5790,993,"Of 4,638 new tests Saturday at the University of Illinois, there were 24 unique new cases. Since move-in began Aug. 16, there have been 5,697 new cases. Since classes began Aug. 24, there have been 5,415 new cases.",46.5714285714286,9282.85714285714
2021-02-14,21,"Spring",6265,30,0.00478850758180367,0.00483955488425141,1368149,5820,1023,"Of 6,265 new tests Sunday at the University of Illinois, there were 30 unique new cases. Since move-in began Aug. 16, there have been 5,727 new cases. Since classes began Aug. 24, there have been 5,445 new cases.",44.8571428571429,9268.85714285714
2021-02-15,22,"Spring",10689,51,0.00477126017401067,0.00462053643301027,1378838,5871,1074,"Of 10,689 new tests Monday at the University of Illinois, there were 51 unique new cases. Since move-in began Aug. 16, there have been 5,778 new cases. Since classes began Aug. 24, there have been 5,496 new cases.",41,8873.42857142857
2021-02-16,23,"Spring",8218,43,0.00523241664638598,0.00433233527925999,1387056,5914,1117,"Of 8,218 new tests Tuesday at the University of Illinois, there were 43 unique new cases. Since move-in began Aug. 16, there have been 5,821 new cases. Since classes began Aug. 24, there have been 5,539 new cases.",37,8540.42857142857
2021-02-17,24,"Spring",10656,37,0.00347222222222222,0.00411717613998399,1397712,5951,1154,"Of 10,656 new tests Wednesday at the University of Illinois, there were 37 unique new cases. Since move-in began Aug. 16, there have been 5,858 new cases. Since classes began Aug. 24, there have been 5,576 new cases.",36,8743.85714285714
2021-02-18,25,"Spring",10346,41,0.0039628842064566,0.00415512465373961,1408058,5992,1195,"Of 10,346 new tests Thursday at the University of Illinois, there were 41 unique new cases. Since move-in began Aug. 16, there have been 5,899 new cases. Since classes began Aug. 24, there have been 5,617 new cases.",36.4285714285714,8767.14285714286
2021-02-19,26,"Spring",10655,29,0.00272172688878461,0.00414856752403729,1418713,6021,1224,"Of 10,655 new tests Friday at the University of Illinois, there were 29 unique new cases. Since move-in began Aug. 16, there have been 5,928 new cases. Since classes began Aug. 24, there have been 5,646 new cases.",36.4285714285714,8781
2021-02-20,27,"Spring",4983,12,0.00240818783865141,0.00393127548048923,1423696,6033,1236,"Of 4,983 new tests Saturday at the University of Illinois, there were 12 unique new cases. Since move-in began Aug. 16, there have been 5,940 new cases. Since classes began Aug. 24, there have been 5,658 new cases.",34.7142857142857,8830.28571428571
2021-02-21,28,"Spring",6934,13,0.00187481972887222,0.00361709959827788,1430630,6046,1249,"Of 6,934 new tests Sunday at the University of Illinois, there were 13 unique new cases. Since move-in began Aug. 16, there have been 5,953 new cases. Since classes began Aug. 24, there have been 5,671 new cases.",32.2857142857143,8925.85714285714
2021-02-22,29,"Spring",13860,32,0.00230880230880231,0.00315298848473771,1444490,6078,1281,"Of 13,860 new tests Monday at the University of Illinois, there were 32 unique new cases. Since move-in began Aug. 16, there have been 5,985 new cases. Since classes began Aug. 24, there have been 5,703 new cases.",29.5714285714286,9378.85714285714
2021-02-23,30,"Spring",10453,26,0.00248732421314455,0.00279876854184159,1454943,6104,1307,"Of 10,453 new tests Tuesday at the University of Illinois, there were 26 unique new cases. Since move-in began Aug. 16, there have been 6,011 new cases. Since classes began Aug. 24, there have been 5,729 new cases.",27.1428571428571,9698.14285714286
2021-02-24,31,"Spring",9313,18,0.00193278213250295,0.00256972830007213,1464256,6122,1325,"Of 9,313 new tests Wednesday at the University of Illinois, there were 18 unique new cases. Since move-in began Aug. 16, there have been 6,029 new cases. Since classes began Aug. 24, there have been 5,747 new cases.",24.4285714285714,9506.28571428571
2021-02-25,32,"Spring",9972,9,0.000902527075812274,0.00210064984131782,1474228,6131,1334,"Of 9,972 new tests Thursday at the University of Illinois, there were 9 unique new cases. Since move-in began Aug. 16, there have been 6,038 new cases. Since classes began Aug. 24, there have been 5,756 new cases.",19.8571428571429,9452.85714285714
2021-02-26,33,"Spring",10811,11,0.0010174821940616,0.00182432228688599,1485039,6142,1345,"Of 10,811 new tests Friday at the University of Illinois, there were 11 unique new cases. Since move-in began Aug. 16, there have been 6,049 new cases. Since classes began Aug. 24, there have been 5,767 new cases.",17.2857142857143,9475.14285714286
2021-02-27,34,"Spring",4559,7,0.00153542443518315,0.00176018937209796,1489598,6149,1352,"Of 4,559 new tests Saturday at the University of Illinois, there were 7 unique new cases. Since move-in began Aug. 16, there have been 6,056 new cases. Since classes began Aug. 24, there have been 5,774 new cases.",16.5714285714286,9414.57142857143
2021-02-28,35,"Spring",6555,5,0.0007627765064836,0.00164827617783069,1496153,6154,1357,"Of 6,555 new tests Sunday at the University of Illinois, there were 5 unique new cases. Since move-in began Aug. 16, there have been 6,061 new cases. Since classes began Aug. 24, there have been 5,779 new cases.",15.4285714285714,9360.42857142857
2021-03-01,36,"Spring",13998,16,0.00114302043149021,0.00140113613865156,1510151,6170,1373,"Of 13,998 new tests Monday at the University of Illinois, there were 16 unique new cases. Since move-in began Aug. 16, there have been 6,077 new cases. Since classes began Aug. 24, there have been 5,795 new cases.",13.1428571428571,9380.14285714286
2021-03-02,37,"Spring",9926,10,0.00100745516824501,0.00116682531396813,1520077,6180,1383,"Of 9,926 new tests Tuesday at the University of Illinois, there were 10 unique new cases. Since move-in began Aug. 16, there have been 6,087 new cases. Since classes began Aug. 24, there have been 5,805 new cases.",10.8571428571429,9304.85714285714
2021-03-03,38,"Spring",9060,12,0.00132450331125828,0.00107889829071685,1529137,6192,1395,"Of 9,060 new tests Wednesday at the University of Illinois, there were 12 unique new cases. Since move-in began Aug. 16, there have been 6,099 new cases. Since classes began Aug. 24, there have been 5,817 new cases.",10,9268.71428571429
2021-03-04,39,"Spring",10237,9,0.000879163817524665,0.00107450956313511,1539374,6201,1404,"Of 10,237 new tests Thursday at the University of Illinois, there were 9 unique new cases. Since move-in began Aug. 16, there have been 6,108 new cases. Since classes began Aug. 24, there have been 5,826 new cases.",10,9306.57142857143
2021-03-05,40,"Spring",10295,6,0.000582807187955318,0.00100572489555934,1549669,6207,1410,"Of 10,295 new tests Friday at the University of Illinois, there were 6 unique new cases. Since move-in began Aug. 16, there have been 6,114 new cases. Since classes began Aug. 24, there have been 5,832 new cases.",9.28571428571429,9232.85714285714
2021-03-06,41,"Spring",4320,4,0.000925925925925926,0.000962867481480331,1553989,6211,1414,"Of 4,320 new tests Saturday at the University of Illinois, there were 4 unique new cases. Since move-in began Aug. 16, there have been 6,118 new cases. Since classes began Aug. 24, there have been 5,836 new cases.",8.85714285714286,9198.71428571429
2021-03-07,42,"Spring",6190,6,0.000969305331179321,0.000983975260050605,1560179,6217,1420,"Of 6,190 new tests Sunday at the University of Illinois, there were 6 unique new cases. Since move-in began Aug. 16, there have been 6,124 new cases. Since classes began Aug. 24, there have been 5,842 new cases.",9,9146.57142857143
2021-03-08,43,"Spring",14586,23,0.00157685451803099,0.00108335654811651,1574765,6240,1443,"Of 14,586 new tests Monday at the University of Illinois, there were 23 unique new cases. Since move-in began Aug. 16, there have been 6,147 new cases. Since classes began Aug. 24, there have been 5,865 new cases.",10,9230.57142857143
2021-03-09,44,"Spring",9649,12,0.00124365219193699,0.00111910720114398,1584414,6252,1455,"Of 9,649 new tests Tuesday at the University of Illinois, there were 12 unique new cases. Since move-in began Aug. 16, there have been 6,159 new cases. Since classes began Aug. 24, there have been 5,877 new cases.",10.2857142857143,9191
2021-03-10,45,"Spring",8687,10,0.00115114538966271,0.00109436558063911,1593101,6262,1465,"Of 8,687 new tests Wednesday at the University of Illinois, there were 10 unique new cases. Since move-in began Aug. 16, there have been 6,169 new cases. Since classes began Aug. 24, there have been 5,887 new cases.",10,9137.71428571429
2021-03-11,46,"Spring",9576,5,0.000522138680033417,0.00104260461589498,1602677,6267,1470,"Of 9,576 new tests Thursday at the University of Illinois, there were 5 unique new cases. Since move-in began Aug. 16, there have been 6,174 new cases. Since classes began Aug. 24, there have been 5,892 new cases.",9.42857142857143,9043.28571428571
2021-03-12,47,"Spring",9964,8,0.000802890405459655,0.00107984501048085,1612641,6275,1478,"Of 9,964 new tests Friday at the University of Illinois, there were 8 unique new cases. Since move-in began Aug. 16, there have been 6,182 new cases. Since classes began Aug. 24, there have been 5,900 new cases.",9.71428571428571,8996
2021-03-13,48,"Spring",3805,3,0.000788436268068331,0.00107273804377412,1616446,6278,1481,"Of 3,805 new tests Saturday at the University of Illinois, there were 3 unique new cases. Since move-in began Aug. 16, there have been 6,185 new cases. Since classes began Aug. 24, there have been 5,903 new cases.",9.57142857142857,8922.42857142857
2021-03-14,49,"Spring",5152,2,0.000388198757763975,0.0010257412201436,1621598,6280,1483,"Of 5,152 new tests Sunday at the University of Illinois, there were 2 unique new cases. Since move-in began Aug. 16, there have been 6,187 new cases. Since classes began Aug. 24, there have been 5,905 new cases.",9,8774.14285714286
2021-03-15,50,"Spring",12411,5,0.000402868423172992,0.000759570589426777,1634009,6285,1488,"Of 12,411 new tests Monday at the University of Illinois, there were 5 unique new cases. Since move-in began Aug. 16, there have been 6,192 new cases. Since classes began Aug. 24, there have been 5,910 new cases.",6.42857142857143,8463.42857142857
2021-03-16,51,"Spring",10068,6,0.000595947556615018,0.000653671454670399,1644077,6291,1494,"Of 10,068 new tests Tuesday at the University of Illinois, there were 6 unique new cases. Since move-in began Aug. 16, there have been 6,198 new cases. Since classes began Aug. 24, there have been 5,916 new cases.",5.57142857142857,8523.28571428571
2021-03-17,52,"Spring",7473,5,0.000669075337883046,0.000581703707505689,1651550,6296,1499,"Of 7,473 new tests Wednesday at the University of Illinois, there were 5 unique new cases. Since move-in began Aug. 16, there have been 6,203 new cases. Since classes began Aug. 24, there have been 5,921 new cases.",4.85714285714286,8349.85714285714
2021-03-18,53,"Spring",8034,8,0.000995767986059248,0.00065018363294498,1659584,6304,1507,"Of 8,034 new tests Thursday at the University of Illinois, there were 8 unique new cases. Since move-in began Aug. 16, there have been 6,211 new cases. Since classes began Aug. 24, there have been 5,929 new cases.",5.28571428571429,8129.57142857143
2021-03-19,54,"Spring",9712,2,0.000205930807248764,0.000547171476480452,1669296,6306,1509,"Of 9,712 new tests Friday at the University of Illinois, there were 2 unique new cases. Since move-in began Aug. 16, there have been 6,213 new cases. Since classes began Aug. 24, there have been 5,931 new cases.",4.42857142857143,8093.57142857143
2021-03-20,55,"Spring",3817,1,0.000261985852763951,0.000511761695519438,1673113,6307,1510,"Of 3,817 new tests Saturday at the University of Illinois, there were 1 unique new cases. Since move-in began Aug. 16, there have been 6,214 new cases. Since classes began Aug. 24, there have been 5,932 new cases.",4.14285714285714,8095.28571428571
2021-03-21,56,"Spring",5231,2,0.000382336073408526,0.000511049236950622,1678344,6309,1512,"Of 5,231 new tests Sunday at the University of Illinois, there were 2 unique new cases. Since move-in began Aug. 16, there have been 6,216 new cases. Since classes began Aug. 24, there have been 5,934 new cases.",4.14285714285714,8106.57142857143
2021-03-22,57,"Spring",13172,11,0.000835104767689037,0.000608621559114543,1691516,6320,1523,"Of 13,172 new tests Monday at the University of Illinois, there were 11 unique new cases. Since move-in began Aug. 16, there have been 6,227 new cases. Since classes began Aug. 24, there have been 5,945 new cases.",5,8215.28571428571
2021-03-23,58,"Spring",8928,7,0.00078405017921147,0.000638671563148651,1700444,6327,1530,"Of 8,928 new tests Tuesday at the University of Illinois, there were 7 unique new cases. Since move-in began Aug. 16, there have been 6,234 new cases. Since classes began Aug. 24, there have been 5,952 new cases.",5.14285714285714,8052.42857142857
2021-03-24,59,"Spring",7345,11,0.00149761742682097,0.000746812710041075,1707789,6338,1541,"Of 7,345 new tests Wednesday at the University of Illinois, there were 11 unique new cases. Since move-in began Aug. 16, there have been 6,245 new cases. Since classes began Aug. 24, there have been 5,963 new cases.",6,8034.14285714286
2021-03-25,60,"Spring",8430,9,0.00106761565836299,0.000759247814955416,1716219,6347,1550,"Of 8,430 new tests Thursday at the University of Illinois, there were 9 unique new cases. Since move-in began Aug. 16, there have been 6,254 new cases. Since classes began Aug. 24, there have been 5,972 new cases.",6.14285714285714,8090.71428571429
2021-03-26,61,"Spring",9354,9,0.000962155227710071,0.000888462426923965,1725573,6356,1559,"Of 9,354 new tests Friday at the University of Illinois, there were 9 unique new cases. Since move-in began Aug. 16, there have been 6,263 new cases. Since classes began Aug. 24, there have been 5,981 new cases.",7.14285714285714,8039.57142857143
2021-03-27,62,"Spring",3623,5,0.00138007176373171,0.000962858620259259,1729196,6361,1564,"Of 3,623 new tests Saturday at the University of Illinois, there were 5 unique new cases. Since move-in began Aug. 16, there have been 6,268 new cases. Since classes began Aug. 24, there have been 5,986 new cases.",7.71428571428571,8011.85714285714
2021-03-28,63,"Spring",5330,4,0.00075046904315197,0.00099676052828308,1734526,6365,1568,"Of 5,330 new tests Sunday at the University of Illinois, there were 4 unique new cases. Since move-in began Aug. 16, there have been 6,272 new cases. Since classes began Aug. 24, there have been 5,990 new cases.",8,8026
2021-03-29,64,"Spring",13301,22,0.0016540109766183,0.00118982081653673,1747827,6387,1590,"Of 13,301 new tests Monday at the University of Illinois, there were 22 unique new cases. Since move-in began Aug. 16, there have been 6,294 new cases. Since classes began Aug. 24, there have been 6,012 new cases.",9.57142857142857,8044.42857142857
2021-03-30,65,"Spring",8688,22,0.00253222836095764,0.00146243155998645,1756515,6409,1612,"Of 8,688 new tests Tuesday at the University of Illinois, there were 22 unique new cases. Since move-in began Aug. 16, there have been 6,316 new cases. Since classes began Aug. 24, there have been 6,034 new cases.",11.7142857142857,8010.14285714286
2021-03-31,66,"Spring",7530,13,0.00172642762284197,0.00149317406143345,1764045,6422,1625,"Of 7,530 new tests Wednesday at the University of Illinois, there were 13 unique new cases. Since move-in began Aug. 16, there have been 6,329 new cases. Since classes began Aug. 24, there have been 6,047 new cases.",12,8036.57142857143
2021-04-01,67,"Spring",8614,11,0.0012769909449733,0.00152374202693125,1772659,6433,1636,"Of 8,614 new tests Thursday at the University of Illinois, there were 11 unique new cases. Since move-in began Aug. 16, there have been 6,340 new cases. Since classes began Aug. 24, there have been 6,058 new cases.",12.2857142857143,8062.85714285714
2021-04-02,68,"Spring",8987,10,0.0011127183709803,0.00155154887378952,1781646,6443,1646,"Of 8,987 new tests Friday at the University of Illinois, there were 10 unique new cases. Since move-in began Aug. 16, there have been 6,350 new cases. Since classes began Aug. 24, there have been 6,068 new cases.",12.4285714285714,8010.42857142857
2021-04-03,69,"Spring",3389,5,0.00147536146355857,0.00155805082469242,1785035,6448,1651,"Of 3,389 new tests Saturday at the University of Illinois, there were 5 unique new cases. Since move-in began Aug. 16, there have been 6,355 new cases. Since classes began Aug. 24, there have been 6,073 new cases.",12.4285714285714,7977
2021-04-04,70,"Spring",3221,2,0.000620925178515989,0.0015819839940443,1788256,6450,1653,"Of 3,221 new tests Sunday at the University of Illinois, there were 2 unique new cases. Since move-in began Aug. 16, there have been 6,357 new cases. Since classes began Aug. 24, there have been 6,075 new cases.",12.1428571428571,7675.71428571429
2021-04-05,71,"Spring",13517,23,0.00170156099726271,0.00159418677937196,1801773,6473,1676,"Of 13,517 new tests Monday at the University of Illinois, there were 23 unique new cases. Since move-in began Aug. 16, there have been 6,380 new cases. Since classes began Aug. 24, there have been 6,098 new cases.",12.2857142857143,7706.57142857143
2021-04-06,72,"Spring",9029,16,0.00177206778159265,0.00147364930830586,1810802,6489,1692,"Of 9,029 new tests Tuesday at the University of Illinois, there were 16 unique new cases. Since move-in began Aug. 16, there have been 6,396 new cases. Since classes began Aug. 24, there have been 6,114 new cases.",11.4285714285714,7755.28571428571
2021-04-07,73,"Spring",7224,11,0.00152270210409745,0.00144495285378189,1818026,6500,1703,"Of 7,224 new tests Wednesday at the University of Illinois, there were 11 unique new cases. Since move-in began Aug. 16, there have been 6,407 new cases. Since classes began Aug. 24, there have been 6,125 new cases.",11.1428571428571,7711.57142857143
2021-04-08,74,"Spring",8189,8,0.000976920258883869,0.00140040331615505,1826215,6508,1711,"Of 8,189 new tests Thursday at the University of Illinois, there were 8 unique new cases. Since move-in began Aug. 16, there have been 6,415 new cases. Since classes began Aug. 24, there have been 6,133 new cases.",10.7142857142857,7650.85714285714
2021-04-09,75,"Spring",9235,9,0.000974553329723877,0.00137536242658538,1835450,6517,1720,"Of 9,235 new tests Friday at the University of Illinois, there were 9 unique new cases. Since move-in began Aug. 16, there have been 6,424 new cases. Since classes began Aug. 24, there have been 6,142 new cases.",10.5714285714286,7686.28571428571
2021-04-10,76,"Spring",3322,6,0.00180614087898856,0.00139568639857082,1838772,6523,1726,"Of 3,322 new tests Saturday at the University of Illinois, there were 6 unique new cases. Since move-in began Aug. 16, there have been 6,430 new cases. Since classes began Aug. 24, there have been 6,148 new cases.",10.7142857142857,7676.71428571429
2021-04-11,77,"Spring",4791,5,0.0010436234606554,0.00141030972571284,1843563,6528,1731,"Of 4,791 new tests Sunday at the University of Illinois, there were 5 unique new cases. Since move-in began Aug. 16, there have been 6,435 new cases. Since classes began Aug. 24, there have been 6,153 new cases.",11.1428571428571,7901
2021-04-12,78,"Spring",13484,18,0.00133491545535449,0.00132069327351015,1857047,6546,1749,"Of 13,484 new tests Monday at the University of Illinois, there were 18 unique new cases. Since move-in began Aug. 16, there have been 6,453 new cases. Since classes began Aug. 24, there have been 6,171 new cases.",10.4285714285714,7896.28571428571
2021-04-13,79,"Spring",8479,14,0.00165113810590872,0.0012974197792559,1865526,6560,1763,"Of 8,479 new tests Tuesday at the University of Illinois, there were 14 unique new cases. Since move-in began Aug. 16, there have been 6,467 new cases. Since classes began Aug. 24, there have been 6,185 new cases.",10.1428571428571,7817.71428571429
2021-04-14,80,"Spring",7951,10,0.00125770343353037,0.00126237579123911,1873477,6570,1773,"Of 7,951 new tests Wednesday at the University of Illinois, there were 10 unique new cases. Since move-in began Aug. 16, there have been 6,477 new cases. Since classes began Aug. 24, there have been 6,195 new cases.",10,7921.57142857143
2021-04-15,81,"Spring",8614,8,0.000928720687253309,0.00125277399957048,1882091,6578,1781,"Of 8,614 new tests Thursday at the University of Illinois, there were 8 unique new cases. Since move-in began Aug. 16, there have been 6,485 new cases. Since classes began Aug. 24, there have been 6,203 new cases.",10,7982.28571428571
2021-04-16,82,"Spring",9073,11,0.00121238840515816,0.00129231431956061,1891164,6589,1792,"Of 9,073 new tests Friday at the University of Illinois, there were 11 unique new cases. Since move-in began Aug. 16, there have been 6,496 new cases. Since classes began Aug. 24, there have been 6,214 new cases.",10.2857142857143,7959.14285714286
2021-04-17,83,"Spring",3372,4,0.00118623962040332,0.00125529015135213,1894536,6593,1796,"Of 3,372 new tests Saturday at the University of Illinois, there were 4 unique new cases. Since move-in began Aug. 16, there have been 6,500 new cases. Since classes began Aug. 24, there have been 6,218 new cases.",10,7966.28571428571
2021-04-18,84,"Spring",5128,3,0.000585023400936037,0.00121209960606763,1899664,6596,1799,"Of 5,128 new tests Sunday at the University of Illinois, there were 3 unique new cases. Since move-in began Aug. 16, there have been 6,503 new cases. Since classes began Aug. 24, there have been 6,221 new cases.",9.71428571428571,8014.42857142857
2021-04-19,85,"Spring",13602,20,0.00147037200411704,0.00124513064978032,1913266,6616,1819,"Of 13,602 new tests Monday at the University of Illinois, there were 20 unique new cases. Since move-in began Aug. 16, there have been 6,523 new cases. Since classes began Aug. 24, there have been 6,241 new cases.",10,8031.28571428571
2021-04-20,86,"Spring",6824,8,0.00117233294255569,0.00117293453559123,1920090,6624,1827,"Of 6,824 new tests Tuesday at the University of Illinois, there were 8 unique new cases. Since move-in began Aug. 16, there have been 6,531 new cases. Since classes began Aug. 24, there have been 6,249 new cases.",9.14285714285714,7794.85714285714
2021-04-21,87,"Spring",8038,18,0.00223936302562827,0.00131745073283197,1928128,6642,1845,"Of 8,038 new tests Wednesday at the University of Illinois, there were 18 unique new cases. Since move-in began Aug. 16, there have been 6,549 new cases. Since classes began Aug. 24, there have been 6,267 new cases.",10.2857142857143,7807.28571428571
2021-04-22,88,"Spring",8571,11,0.00128339750320849,0.00137342513917375,1936699,6653,1856,"Of 8,571 new tests Thursday at the University of Illinois, there were 11 unique new cases. Since move-in began Aug. 16, there have been 6,560 new cases. Since classes began Aug. 24, there have been 6,278 new cases.",10.7142857142857,7801.14285714286
2021-04-23,89,"Spring",8930,10,0.00111982082866741,0.00135867070595795,1945629,6663,1866,"Of 8,930 new tests Friday at the University of Illinois, there were 10 unique new cases. Since move-in began Aug. 16, there have been 6,570 new cases. Since classes began Aug. 24, there have been 6,288 new cases.",10.5714285714286,7780.71428571429
2021-04-24,90,"Spring",3085,8,0.00259319286871961,0.00143969877071874,1948714,6671,1874,"Of 3,085 new tests Saturday at the University of Illinois, there were 8 unique new cases. Since move-in began Aug. 16, there have been 6,578 new cases. Since classes began Aug. 24, there have been 6,296 new cases.",11.1428571428571,7739.71428571429
2021-04-25,91,"Spring",4968,11,0.00221417069243156,0.00159206190529083,1953682,6682,1885,"Of 4,968 new tests Sunday at the University of Illinois, there were 11 unique new cases. Since move-in began Aug. 16, there have been 6,589 new cases. Since classes began Aug. 24, there have been 6,307 new cases.",12.2857142857143,7716.85714285714
2021-04-26,92,"Spring",13009,11,0.000845568452609732,0.00144127281235377,1966691,6693,1896,"Of 13,009 new tests Monday at the University of Illinois, there were 11 unique new cases. Since move-in began Aug. 16, there have been 6,600 new cases. Since classes began Aug. 24, there have been 6,318 new cases.",11,7632.14285714286
2021-04-27,93,"Spring",8537,8,0.000937097340986295,0.00139649606442018,1975228,6701,1904,"Of 8,537 new tests Tuesday at the University of Illinois, there were 8 unique new cases. Since move-in began Aug. 16, there have been 6,608 new cases. Since classes began Aug. 24, there have been 6,326 new cases.",11,7876.85714285714
2021-04-28,94,"Spring",6583,5,0.000759532128209023,0.00119218374531975,1981811,6706,1909,"Of 6,583 new tests Wednesday at the University of Illinois, there were 5 unique new cases. Since move-in began Aug. 16, there have been 6,613 new cases. Since classes began Aug. 24, there have been 6,331 new cases.",9.14285714285714,7669
2021-04-29,95,"Spring",8268,2,0.000241896468311563,0.00103034844511053,1990079,6708,1911,"Of 8,268 new tests Thursday at the University of Illinois, there were 2 unique new cases. Since move-in began Aug. 16, there have been 6,615 new cases. Since classes began Aug. 24, there have been 6,333 new cases.",7.85714285714286,7625.71428571429
2021-04-30,96,"Spring",8521,1,0.000117357117709189,0.000868399690396632,1998600,6709,1912,"Of 8,521 new tests Friday at the University of Illinois, there were 1 unique new cases. Since move-in began Aug. 16, there have been 6,616 new cases. Since classes began Aug. 24, there have been 6,334 new cases.",6.57142857142857,7567.28571428571
2021-05-01,97,"Spring",2864,4,0.00139664804469274,0.000796208530805687,2001464,6713,1916,"Of 2,864 new tests Saturday at the University of Illinois, there were 4 unique new cases. Since move-in began Aug. 16, there have been 6,620 new cases. Since classes began Aug. 24, there have been 6,338 new cases.",6,7535.71428571429
2021-05-02,98,"Spring",4633,2,0.000431685732786531,0.000629590766002099,2006097,6715,1918,"Of 4,633 new tests Sunday at the University of Illinois, there were 2 unique new cases. Since move-in began Aug. 16, there have been 6,622 new cases. Since classes began Aug. 24, there have been 6,340 new cases.",4.71428571428571,7487.85714285714
2021-05-03,99,"Spring",11623,8,0.000688290458573518,0.000587900997472026,2017720,6723,1926,"Of 11,623 new tests Monday at the University of Illinois, there were 8 unique new cases. Since move-in began Aug. 16, there have been 6,630 new cases. Since classes began Aug. 24, there have been 6,348 new cases.",4.28571428571429,7289.85714285714
2021-05-04,100,"Spring",7341,8,0.00108976978613268,0.000602010715790741,2025061,6731,1934,"Of 7,341 new tests Tuesday at the University of Illinois, there were 8 unique new cases. Since move-in began Aug. 16, there have been 6,638 new cases. Since classes began Aug. 24, there have been 6,356 new cases.",4.28571428571429,7119
2021-05-05,101,"Spring",6729,2,0.000297220983801456,0.000540226895296024,2031790,6733,1936,"Of 6,729 new tests Wednesday at the University of Illinois, there were 2 unique new cases. Since move-in began Aug. 16, there have been 6,640 new cases. Since classes began Aug. 24, there have been 6,358 new cases.",3.85714285714286,7139.85714285714
2021-05-06,102,"Spring",6772,3,0.000443000590667454,0.000577522018026937,2038562,6736,1939,"Of 6,772 new tests Thursday at the University of Illinois, there were 3 unique new cases. Since move-in began Aug. 16, there have been 6,643 new cases. Since classes began Aug. 24, there have been 6,361 new cases.",4,6926.14285714286
2021-05-07,103,"Spring",7443,0,0,0.000569560172977534,2046005,6736,1939,"Of 7,443 new tests Friday at the University of Illinois, there were  unique new cases. Since move-in began Aug. 16, there have been 6,643 new cases. Since classes began Aug. 24, there have been 6,361 new cases.",3.85714285714286,6772.14285714286
2021-05-08,104,"Spring",2799,1,0.000357270453733476,0.000506970849176172,2048804,6737,1940,"Of 2,799 new tests Saturday at the University of Illinois, there were 1 unique new cases. Since move-in began Aug. 16, there have been 6,644 new cases. Since classes began Aug. 24, there have been 6,362 new cases.",3.42857142857143,6762.85714285714
2021-05-09,105,"Spring",3610,3,0.000831024930747922,0.000539758619945161,2052414,6740,1943,"At the University of Illinois on Sunday:

 3,610 new tests
 3 new cases
 6,740 total cases
 Positivity of 0.1%. The seven-day average positivity is 0.1%.

https://go.illinois.edu/COVIDTestingData",3.57142857142857,6616.71428571429
